Player,Aaron Baddeley,Aaron Wise,Abraham Ancer,Adam Hadwin,Adam Schenk,Adam Scott,Alex Cejka,Alex Noren,Andrew Landry,Andrew Putnam,Andrew Yun,Anirban Lahiri,Austin Cook,Beau Hossler,Ben Crane,Ben Martin,Ben Silverman,Bill Haas,Billy Horschel,Billy Hurley III,Blayne Barber,Branden Grace,Brandon Harkins,Brandt Snedeker,Brendan Steele,Brett Stegmaier,Brian Gay,Brian Harman,Brian Stuard,Brice Garnett,Bronson Burgoon,Brooks Koepka,Bryson DeChambeau,Bubba Watson,Bud Cauley,Byeong Hun An,C.T. Pan,Cameron Percy,Cameron Smith,Cameron Tringale,Chad Campbell,Charl Schwartzel,Charles Howell III,Charley Hoffman,Chesson Hadley,Chez Reavie,Chris Kirk,Chris Stroud,Cody Gribble,Conrad Shindler,Corey Conners,D.A. Points,Daniel Berger,Daniel Summerhays,Danny Lee,David Hearn,David Lingmerth,Denny McCarthy,Derek Fathauer,Dominic Bozzelli,Dustin Johnson,Emiliano Grillo,Ethan Tracy,Fabian Gomez,Francesco Molinari,Gary Woodland,Graeme McDowell,Grayson Murray,Greg Chalmers,Harold Varner III,Harris English,Henrik Stenson,Hideki Matsuyama,Hudson Swafford,Hunter Mahan,Ian Poulter,J.B. Holmes,J.J. Henry,J.J. Spaun,J.T. Poston,James Hahn,Jamie Lovemark,Jason Day,Jason Dufner,Jason Kokrak,Jhonattan Vegas,Jim Furyk,Jimmy Walker,Joel Dahmen,John Huh,Johnson Wagner,Jon Rahm,Jonas Blixt,Jonathan Byrd,Jonathan Randolph,Jordan Spieth,Justin Rose,Justin Thomas,Keegan Bradley,Keith Mitchell,Kelly Kraft,Kevin Chappell,Kevin Kisner,Kevin Na,Kevin Streelman,Kevin Tway,Kiradech Aphibarnrat,Kyle Stanley,Kyle Thompson,Lanto Griffin,Louis Oosthuizen,Lucas Glover,Luke List,Mackenzie Hughes,Marc Leishman,Martin Flores,Martin Laird,Martin Piller,Matt Atkins,Matt Every,Matt Jones,Matt Kuchar,Michael Kim,Michael Thompson,Nate Lashley,Nicholas Lindheim,Nick Taylor,Nick Watney,Ollie Schniederjans,Padraig Harrington,Pat Perez,Patrick Cantlay,Patrick Reed,Patrick Rodgers,Patton Kizzire,Paul Casey,Peter Malnati,Peter Uihlein,Phil Mickelson,Rafa Cabrera Bello,Retief Goosen,Richy Werenski,Rickie Fowler,Ricky Barnes,Rob Oppenheim,Robert Garrigus,Robert Streb,Roberto Diaz,Rod Pampling,Rory McIlroy,Rory Sabbatini,Russell Henley,Russell Knox,Ryan Armour,Ryan Blaum,Ryan Moore,Ryan Palmer,Sam Ryder,Sam Saunders,Satoshi Kodaira,Scott Brown,Scott Piercy,Scott Stallings,Seamus Power,Sean OHair,Shane Lowry,Shawn Stefani,Si Woo Kim,Smylie Kaufman,Stephan Jaeger,Steve Wheatcroft,Stewart Cink,Sung Kang,Talor Gooch,Ted Potter Jr,Tiger Woods,Tom Hoge,Tom Lovelady,Tommy Fleetwood,Tony Finau,Trey Mullinax,Troy Merritt,Tyler Duncan,Tyrone Van Aswegen,Tyrrell Hatton,Vaughn Taylor,Webb Simpson,Wesley Bryan,Whee Kim,William McGirt,Xander Schauffele,Xinjun Zhang,Zac Blair,Zach Johnson,Zecheng Dou
EVENTS_PLAYED,27,27,29,24,28,20,24,17,26,27,22,24,28,27,21,20,28,25,25,27,22,18,30,24,21,21,29,24,32,29,24,15,24,22,17,23,29,16,22,26,28,20,27,25,29,27,28,27,25,20,28,25,23,19,30,21,26,22,28,20,18,24,23,28,18,25,20,22,20,27,31,15,19,22,21,19,24,28,26,22,26,26,18,22,28,27,15,23,28,29,21,18,23,24,25,22,16,21,25,28,31,23,24,24,27,31,24,24,22,26,16,18,28,28,23,29,22,28,21,30,23,24,27,19,17,26,30,26,27,16,22,21,24,30,27,18,28,25,22,19,20,32,18,22,26,27,29,25,20,16,27,23,27,31,28,22,21,26,26,18,32,25,30,28,22,19,25,30,22,26,20,25,29,27,27,16,31,28,17,26,24,27,31,31,15,25,24,23,30,26,25,28,20,24,23
POINTS,342,1498,909,1054,239,1052,524,1033,1145,1063,16,566,1094,1043,267,266,323,262,1610,73,202,634,545,1174,998,149,910,1116,654,853,718,2551,5617,2277,405,1061,1170,191,2231,88,361,528,905,689,1144,1184,834,255,141,92,353,162,839,89,587,315,274,267,316,190,3289,1252,157,221,1682,1205,274,438,133,524,383,881,1271,245,234,1061,668,239,880,448,666,664,1935,557,881,598,291,741,676,480,338,1474,167,147,166,1299,3191,3084,979,839,627,667,1111,1387,724,643,746,1525,10,175,826,324,1111,227,1390,215,453,371,44,113,264,740,675,280,168,272,420,760,573,29,1167,1838,1761,541,1413,1499,226,843,1969,1121,261,498,1302,164,148,353,155,107,64,1373,521,589,629,1084,433,806,900,551,437,600,422,833,608,455,526,296,268,972,74,211,138,775,490,308,809,1342,608,332,1424,3169,550,616,457,364,932,445,1848,219,805,449,1109,195,176,890,21
NUMBER_OF_WINS,0,1,0,0,0,0,0,0,1,1,0,0,1,0,0,0,0,0,1,0,0,0,0,1,1,0,0,0,0,1,0,2,3,3,0,0,0,0,0,0,0,0,0,0,0,0,0,0,0,0,0,0,0,0,0,0,0,0,0,0,3,0,0,0,2,1,0,0,0,0,0,0,0,0,0,1,0,0,0,0,0,0,2,0,0,0,0,0,0,0,0,1,0,0,0,0,2,3,0,0,0,0,0,1,0,0,0,0,0,0,0,0,0,0,0,0,0,0,0,0,0,0,1,0,0,0,0,0,0,0,1,1,1,0,2,1,0,0,1,0,0,0,0,0,0,0,0,0,0,1,0,0,0,1,0,0,0,0,0,1,0,1,0,0,0,0,0,0,0,0,0,0,0,0,1,0,0,0,0,0,0,1,0,0,0,0,1,0,0,0,0,0,0,0,0
NUMBER_OF_TOP_Tens,1,4,5,3,1,3,2,3,5,5,0,4,3,5,1,1,2,1,4,0,0,2,3,4,3,0,6,8,3,2,2,6,9,6,2,4,2,2,7,0,2,3,4,0,7,3,4,1,0,0,1,1,1,1,3,2,0,1,1,0,11,6,0,0,4,3,1,2,1,3,2,5,3,0,1,4,3,1,4,2,1,3,5,2,4,1,2,4,3,2,0,5,0,0,1,5,9,9,4,4,3,4,4,4,5,3,2,5,0,0,3,1,5,1,6,0,3,2,0,1,0,4,1,0,0,1,2,1,3,0,4,7,7,3,4,5,0,4,6,5,1,2,4,1,0,1,1,0,0,5,1,3,3,3,2,5,3,3,4,1,2,2,2,2,2,0,1,5,1,0,1,3,2,0,1,5,3,2,5,10,3,3,2,1,4,3,7,0,3,3,5,1,0,2,0
POINTS_BEHIND_LEAD,5275,4119,4708,4563,5378,4565,5093,4584,4472,4554,5601,5051,4523,4574,5350,5351,5294,5355,4007,5544,5415,4983,5072,4443,4619,5468,4707,4501,4963,4764,4899,3066,,3340,5212,4556,4447,5426,3386,5529,5256,5089,4712,4928,4473,4433,4783,5362,5476,5525,5264,5455,4778,5528,5030,5302,5343,5350,5301,5427,2328,4365,5460,5396,3935,4412,5343,5179,5484,5093,5234,4736,4346,5372,5383,4556,4949,5378,4737,5169,4951,4953,3682,5060,4736,5019,5326,4876,4941,5137,5279,4143,5450,5470,5451,4318,2426,2533,4638,4778,4990,4950,4506,4230,4893,4974,4896,4092,5607,5442,4791,5293,4506,5390,4227,5402,5164,5246,5573,5504,5353,4877,4942,5337,5449,5345,5197,4857,5044,5588,4450,3779,3856,5076,4204,4118,5391,4774,3648,4496,5356,5119,4315,5453,5469,5264,5462,5510,5553,4244,5096,5028,4988,4533,5184,4811,4717,5066,5180,5017,5195,4784,5009,5162,5091,5321,5349,4645,5543,5406,5479,4842,5127,5309,4808,4275,5009,5285,4193,2448,5067,5001,5160,5253,4685,5172,3769,5398,4812,5168,4508,5422,5441,4727,5596
ROUNDS_PLAYED,84,82,94,88,86,74,77,63,78,93,51,82,103,100,65,64,90,76,78,70,69,67,101,80,70,67,99,90,103,95,69,56,85,82,55,82,100,56,77,67,87,65,100,87,99,89,104,81,71,60,97,63,81,51,88,66,82,71,84,65,69,90,72,88,65,88,67,72,56,91,84,56,67,73,67,69,77,81,81,73,85,92,67,71,95,92,50,81,93,94,75,63,67,70,71,77,62,83,90,95,94,77,85,83,94,110,51,85,50,80,58,65,94,80,85,92,73,79,56,79,70,88,74,62,51,77,94,94,91,46,78,79,86,97,84,67,87,79,82,71,60,98,66,65,74,80,78,72,62,56,91,77,94,105,81,78,65,82,80,51,102,80,96,86,67,64,76,104,49,81,60,87,89,78,83,60,101,87,65,97,75,89,97,101,54,83,87,69,93,84,88,81,64,90,53
SG_PUTTING_PER_ROUND,-0.062,0.245,-0.052,0.145,0.13,-0.221,0.009,0.686,-0.051,0.023,-0.6,0.199,0.309,0.698,0.332,0.118,0.238,-0.131,0.331,0.025,-0.022,0.283,0.225,0.499,-0.481,0.401,0.48,0.536,0.148,-0.096,0.107,-0.004,0.326,-0.033,0.367,-0.177,-0.059,-0.205,0.317,-0.104,-0.454,0.048,0.109,0.06,0.271,0.195,0.112,0.053,0.201,-0.167,-0.385,0.11,0.18,0.736,0.156,-0.127,0.229,0.449,0.363,0.308,0.503,0.574,-0.026,0.001,-0.486,-0.045,0.489,-0.35,0.79,-0.026,0.222,-0.433,0.197,-0.26,0.346,0.17,-0.207,-0.569,-0.167,0.135,-0.152,0.01,0.862,-0.031,0.009,-0.136,0.327,0.384,-0.277,0.167,0.623,-0.121,0.244,-0.106,0.115,-0.031,0.512,0.297,-0.493,-0.509,0.075,-0.406,0.564,0.44,-0.25,0.052,0.031,0.113,-0.75,-0.134,0.128,-0.149,-0.422,-0.155,0.149,-0.289,0.282,0.118,-0.198,-0.364,-0.084,0.371,0.259,0.498,0.082,0.355,-0.312,0.2,0.325,-0.179,0.146,-0.055,0.151,0.596,0.16,0.126,0.619,0.088,0.841,0.146,-0.411,-0.117,0.224,0.338,0.045,-0.569,-0.081,0.168,-0.421,0.184,0.059,0.205,-0.201,-0.067,0.025,-0.271,-0.396,-0.349,0.094,-0.536,0.049,-0.573,-0.012,0.498,-0.207,-0.167,-0.034,-0.241,-0.398,-0.144,-0.128,-0.345,-0.235,0.031,0.042,0.236,-0.162,-0.05,0.138,0.12,0.078,0.077,-0.554,-0.01,0.271,-0.08,0.606,0.36,0.427,0.2,0.003,-0.437,0.203,0.219,-0.667
TOTAL_SG:PUTTING,-4.064,17.134,-4.076,8.729,8.558,-11.944,0.556,28.117,-3.516,1.655,-20.385,13.321,27.162,60.061,15.28,6.716,18.079,-8.151,22.868,1.414,-1.323,11.334,19.146,32.916,-22.13,18.83,40.29,34.332,12.717,-7.371,6.123,-0.183,21.533,-1.924,15.055,-11.512,-4.618,-8.392,16.169,-5.292,-30.441,1.932,7.604,3.858,22.518,10.551,10.284,3.098,10.838,-7.33,-30.431,5.274,10.445,27.96,10.927,-6.334,15.774,22.017,24.663,18.799,25.126,38.484,-1.408,0.056,-21.89,-2.586,21.497,-20.673,32.382,-1.846,15.063,-15.604,8.86,-13.534,17.634,7.156,-14.109,-35.859,-11.191,7.706,-10.517,0.81,33.632,-1.467,0.748,-8.136,13.72,23.797,-19.675,13.73,34.286,-4.947,11.722,-5.087,6.907,-1.84,20.974,16.658,-34.538,-40.194,5.534,-23.544,33.27,27.291,-20.478,4.721,0.943,6.434,-27.017,-7.758,4.859,-6.534,-30.394,-10.204,9.112,-20.821,17.178,7.937,-7.912,-22.207,-3.783,23.37,14.004,27.889,2.853,20.924,-23.071,15.999,24.38,-5.742,6.287,-3.052,7.698,41.152,11.231,4.79,46.404,4.996,48.801,5.828,-16.459,-8.405,10.983,15.195,2.407,-38.672,-4.83,9.41,-18.964,7.536,4.449,11.054,-14.039,-6.147,1.79,-17.863,-22.167,-24.435,6.304,-20.386,3.967,-34.359,-0.967,32.845,-11.801,-8.159,-2.05,-17.329,-15.532,-9.095,-5.892,-23.115,-15.725,1.897,2.977,11.561,-13.429,-3.415,5.785,8.25,4.472,5.594,-42.673,-0.826,9.23,-5.585,41.8,18.354,31.181,14.964,0.167,-24.884,9.34,14.042,-24.01
MEASURED_ROUNDS,66,70,79,60,66,54,60,41,69,73,34,67,88,86,46,57,76,62,69,57,60,40,85,66,46,47,84,64,86,77,57,42,66,58,41,65,78,41,51,51,67,40,70,64,83,54,92,58,54,44,79,48,58,38,70,50,69,49,68,61,50,67,54,71,45,58,44,59,41,72,68,36,45,52,51,42,68,63,67,57,69,78,39,48,84,60,42,62,71,82,55,41,48,48,60,60,41,56,70,79,74,58,59,62,82,90,30,57,36,58,38,44,72,66,61,72,61,67,40,61,45,63,54,56,35,59,74,80,75,32,43,55,51,69,70,38,75,57,58,40,40,72,49,45,54,68,60,56,45,41,75,54,70,92,72,66,56,70,67,38,81,60,78,66,57,49,60,72,39,63,46,67,67,62,71,49,83,69,42,69,57,73,77,83,34,70,69,51,73,75,60,57,46,64,36
AVG_Driving_DISTANCE,295.5,303.4,296.3,289.7,305.5,304.8,286.7,299.2,291.7,294.2,290.6,294,292.5,300.1,281.1,289.6,290.2,296.3,296.1,284,294.7,299.1,303.1,293.5,311.4,295.4,282.8,292.6,278.4,296.7,302.8,313.4,306.4,313.6,295.4,308.6,292.6,295.6,298.8,289.3,286.5,299.5,300.8,299.1,300.1,287.3,290.2,289.8,301,291.3,303.3,280.8,298,287.1,290.6,285.1,285.4,295.4,289.1,297,314.5,294.7,299,291.1,301.6,313.2,293.2,307.3,282.8,308.2,302.4,291,302.5,302.8,296.9,293.4,306.1,291.8,298.9,300.7,298.7,303.2,310.7,296.9,309.7,303.1,280.5,298.5,295.8,287.1,286.1,310.5,293.1,291.7,289.4,299.9,303.1,312.9,300.3,312.9,288.6,308.8,291.1,290.3,295.1,310.1,294.6,296.2,285.3,302.4,299.8,297.2,315.2,295,298.6,300,299,292.2,301.4,294.2,304.2,287.8,289.9,296.4,293.9,293.5,292.7,307.5,301.7,300.1,292.9,303.2,299.3,303.4,299,304.1,290.9,301.3,299.9,295.6,296.2,292.2,301.1,290.6,285.2,307.9,292.6,286.3,288.4,320.2,292.3,292.5,291.7,284.2,289,289.2,305.7,297.3,302.8,293.2,292.6,296.3,299.7,302.6,302.7,300.3,299.6,290.6,297.1,299.2,288.9,298.1,293.1,298.9,286,303.5,291.4,315.9,307.5,316.3,318.7,295.4,294.4,290.3,298.2,286.1,293.6,280.4,285.8,289.3,304.6,298.7,279.5,290.1,291.9
UP_AND_DOWN_%,62.09,56.59,63.23,59.04,54.55,56.5,64,61.96,56.14,60.92,44.01,58.35,62.22,59.66,63,58.8,57.36,61.38,57.84,54.93,57.46,58.55,55.88,61.82,53.13,56.44,63.93,57.96,59.53,58.26,55.61,64.69,61.68,57.18,60.12,63.16,56.62,57.3,62.47,55.24,59.39,58.4,61.84,56.83,56.69,62.61,63.34,59.96,53.3,60,57.52,53.32,59.48,54.86,60.81,55.65,58.57,59.83,54.99,58.86,63.31,62.55,54.88,58.85,60.13,54.46,60.82,54.32,52.85,59,57.86,60.79,61.4,54.01,58.81,58.56,57.14,54.77,55.79,57.53,59.62,61.07,64.46,59.16,54.95,59.09,64.54,59.96,63.31,57.94,65.41,59.18,56.83,58.31,59.83,63.2,63.64,63.14,58.15,56.48,58.93,58.5,60.98,64.52,60.93,56.77,57.34,56.72,54.02,56.35,65.52,60.76,58.61,55.21,60.04,54.89,59.15,57.74,57.6,52.51,60.34,64.43,56.05,55.77,60.59,53.9,61.83,55.68,57.65,56.32,56.19,59.17,64.26,58.14,55.36,60.87,61.3,59.8,60.85,57.85,56.98,57.55,64.31,57.4,59.55,56.84,52.89,58.56,56.67,66.05,61.36,55.15,60.48,59.83,55.46,64.16,56.68,56.47,55.79,52.76,54.79,56.54,61.85,63.8,57.56,54.93,58.43,57.32,47.12,56.76,61.03,55.69,52.4,59.53,58.44,64.33,61.41,52.08,56.82,58.01,55.26,57.6,53.83,58.08,63.12,59.91,66.59,60.17,58.56,62.86,58.48,58.2,61.43,61.77,51.56
PAR_OR_BETTER,303,249,356,284,252,213,288,202,265,279,136,304,392,349,235,244,304,267,225,234,208,202,328,285,170,184,381,273,331,321,218,185,272,219,205,276,278,157,278,216,291,226,316,258,301,283,375,292,234,204,287,233,251,192,329,187,304,216,314,269,214,299,236,286,187,226,222,264,213,295,298,138,210,202,207,195,268,218,236,233,279,342,234,226,283,312,182,295,302,321,261,174,237,207,277,237,189,245,264,292,353,241,275,320,287,352,164,228,168,235,190,209,296,249,278,286,236,317,197,251,213,297,278,174,163,214,324,289,324,156,218,213,311,318,253,210,339,244,286,188,204,301,218,221,262,270,247,260,221,214,316,214,280,356,264,281,212,227,260,172,332,216,334,312,236,167,253,364,196,252,213,274,295,281,315,220,374,250,175,268,226,307,260,338,178,281,309,281,342,286,300,259,215,286,165
MISSED_GIR,488,440,563,481,462,377,450,326,472,458,309,521,630,585,373,415,530,435,389,426,362,345,587,461,320,326,596,471,556,551,392,286,441,383,341,437,491,274,445,391,490,387,511,454,531,452,592,487,439,340,499,437,422,350,541,336,519,361,571,457,338,478,430,486,311,415,365,486,403,500,515,227,342,374,352,333,469,398,423,405,468,560,363,382,515,528,282,492,477,554,399,294,417,355,463,375,297,388,454,517,599,412,451,496,471,620,286,402,311,417,290,344,505,451,463,521,399,549,342,478,353,461,496,312,269,397,524,519,562,277,388,360,484,547,457,345,553,408,470,325,358,523,339,385,440,475,467,444,390,324,515,388,463,595,476,438,374,402,466,326,606,382,540,489,410,304,433,635,416,444,349,492,563,472,539,342,609,480,308,462,409,533,483,582,282,469,464,467,584,455,513,445,350,463,320
FAIRWAY_HIT_%,52.18,63.29,63.06,65.18,57.67,62.16,66.49,60.52,63.23,60.4,53.58,60.09,66.3,60.1,67.52,63.52,65.56,56.35,67.6,59.24,64.67,63.44,54.79,62.25,59.47,58.38,70.36,66.2,71.21,64.3,64.53,57.2,61.23,58.43,60.81,59.29,68.57,63.66,57.01,51.99,64.7,54.86,62.36,57.18,59.42,71.67,64.02,62.24,55.45,65.77,62.99,60.47,64,54.69,62.65,66.63,68.93,63.45,53.27,55.69,57.96,69.82,60.25,64.99,63.97,62.69,64.44,56,58.9,58.73,58.99,74.33,60.87,64.57,65.04,65.31,57.13,66.22,65.71,61.53,63.73,56.92,59.02,61.94,57.8,57.19,69.77,52.89,66.36,63.83,64.25,59.06,60.3,58.59,62.18,61.02,64.42,58.01,68.16,58.19,65.84,61.09,65.81,64.2,69.11,52.61,63.34,71.45,62.99,54.52,62.58,64.6,54.09,59.63,59.27,54.92,63.22,58.51,57.5,55.5,58.98,62.97,54.89,64.66,60.58,60.44,60.94,56.33,52.28,55.18,64.87,61.52,54.11,60.92,54.82,62.81,56.86,51.93,52.33,67.05,55.22,65.16,63.81,47.15,56.26,56.37,54.11,63.2,63.69,55.38,62.05,69.34,66.94,73.46,64.31,71.94,58.88,66.91,60.14,64.97,62.03,64.35,55.99,55.19,60.09,60.96,56.52,59.81,40.85,58.76,69.79,57.6,56.72,57.31,66.76,57.39,62.43,54.73,63.29,53.9,54.98,62.93,66.37,56.98,60.49,67.51,61.96,55.41,61.11,59.89,59.28,65.33,62.76,63.38,54.76
FAIRWAYS_HIT,538,688,811,760,643,626,639,443,674,717,337,691,958,842,557,566,769,550,701,529,604,531,727,643,496,498,914,764,945,816,624,405,698,565,450,632,901,445,545,458,713,429,802,609,773,802,911,638,504,515,817,517,649,344,753,559,750,559,595,504,506,842,573,761,522,694,511,565,427,713,643,501,515,607,573,512,597,692,690,611,731,699,481,524,767,684,427,539,789,803,620,466,518,508,564,601,487,572,792,757,846,603,668,703,888,765,375,786,405,549,403,531,674,616,652,659,574,629,418,580,496,687,539,525,398,582,766,707,620,293,613,590,560,756,625,527,659,510,551,584,402,819,559,389,535,597,559,601,514,396,770,683,804,"1,060",699,787,484,746,620,421,848,648,687,601,527,459,585,823,268,614,566,701,675,576,755,466,811,619,481,650,513,747,825,739,392,746,694,522,759,651,677,684,509,701,374
POSSIBLE_FAIRWAYS,1031,1087,1286,1166,1115,1007,961,732,1066,1187,629,1150,1445,1401,825,891,1173,976,1037,893,934,837,1327,1033,834,853,1299,1154,1327,1269,967,708,1140,967,740,1066,1314,699,956,881,1102,782,1286,1065,1301,1119,1423,1025,909,783,1297,855,1014,629,1202,839,1088,881,1117,905,873,1206,951,1171,816,1107,793,1009,725,1214,1090,674,846,940,881,784,1045,1045,1050,993,1147,1228,815,846,1327,1196,612,1019,1189,1258,965,789,859,867,907,985,756,986,1162,1301,1285,987,1015,1095,1285,1454,592,1100,643,1007,644,822,1246,1033,1100,1200,908,1075,727,1045,841,1091,982,812,657,963,1257,1255,1186,531,945,959,1035,1241,1140,839,1159,982,1053,871,728,1257,876,825,951,1059,1033,951,807,715,1241,985,1201,1443,1087,1094,822,1115,1031,648,1367,1007,1227,1089,877,753,1035,1376,656,1045,811,1217,1190,1005,1131,812,1299,1131,760,1206,933,1187,1243,1297,648,1105,1120,942,1242,1087,1142,1047,811,1106,683
GIR_RANK,165,45,108,74,67,6,155,128,118,21,181,141,107,82,136,152,134,120,10,171,22,62,114,121,24,14,147,60,83,101,50,56,26,34,149,62,5,30,160,117,116,183,35,98,55,47,76,173,177,103,17,191,85,194,131,40,169,59,190,185,27,36,137,70,16,9,146,176,193,61,166,1,51,38,39,96,123,12,44,52,54,143,124,144,23,119,148,175,41,113,69,8,180,58,188,15,31,32,29,36,154,88,126,142,3,97,179,4,178,73,133,80,49,104,94,102,111,189,164,145,87,90,186,19,57,65,78,66,167,192,72,11,159,112,45,62,172,79,127,7,182,77,28,156,150,122,135,157,174,140,71,32,20,68,105,42,139,2,132,186,115,12,110,128,153,43,83,151,195,91,99,48,168,162,169,89,161,92,52,18,106,130,25,124,109,94,75,184,163,81,138,93,100,85,158
GOING_FOR_GREEN_IN_2%,55.6,60.38,59.87,58.87,62.4,59.39,50,67.72,45.91,53.36,50.4,57.2,53.12,56.76,41.1,56.81,47.46,52.47,59.18,39.9,53.66,63.06,62.06,49.11,68.53,52.94,37.79,53.71,29.41,50.89,66.01,73.38,66.79,71.43,53.01,64.44,57.93,56.52,58.76,44.04,41.53,62.5,55.34,63.45,52.98,48.02,49.4,62.21,63.27,54.79,56.52,43.48,63.96,50,60.08,38.2,48.18,60.12,55.14,59.35,68.5,58.16,53.5,51.56,68.79,77.46,56.4,67.76,40.99,62.55,64.44,71.54,69.71,59.6,56.72,49.68,62.89,44.69,56.85,57.07,57.48,62.76,54.79,55.21,69.52,66.95,28.36,52.42,60.39,51.88,41.55,74.55,55.26,57.89,49.29,64.53,64.42,69.55,65.66,71.72,46.3,64.96,46.73,49.77,55.97,67.56,66.35,56.58,42.42,57.35,46.04,58.29,78.44,55.9,59.34,54.09,54.94,49.59,59.48,62.83,64.2,45.75,43.39,45.27,52.71,41.31,56.99,56.71,50.57,56.86,49.71,74.21,66.34,57.37,54.31,58.5,48.53,57.92,60.63,58.87,51.68,53.88,59.07,50.6,41.84,67.98,50.24,48.69,56.98,70.14,58.05,58,45.75,36.44,53.97,56.33,68.47,61.24,67.67,48.06,52.65,52.86,58.48,57.02,59.82,61.67,54.95,61.68,52.08,59.56,58.93,54.15,52.24,57.27,46.22,53.37,54.49,73.6,71.07,72.73,66.16,55.8,62.83,45.39,50.77,45.82,52.89,32.96,39.26,49.03,71.01,65.48,43.27,45.3,51.94
ATTEMPTS_GFG,139,157,179,146,151,117,106,107,118,143,63,135,179,193,67,121,131,117,158,81,110,99,193,110,135,90,113,123,95,143,134,113,175,155,88,154,157,78,114,85,98,95,140,158,169,97,166,135,124,80,156,80,142,74,155,68,119,104,134,127,137,139,107,132,119,165,97,166,66,162,154,88,122,118,114,77,161,101,137,117,146,182,80,106,219,158,38,119,154,152,86,123,105,99,104,151,105,153,174,208,119,152,100,109,178,227,69,129,56,117,64,102,211,128,143,139,128,121,91,142,104,113,82,91,68,88,155,169,133,58,86,164,134,144,145,86,132,128,134,83,77,139,114,85,82,172,105,93,102,101,155,116,113,125,136,138,139,158,157,62,149,111,162,138,131,111,122,169,75,134,99,124,128,130,116,95,164,184,113,192,131,154,169,138,66,115,128,59,106,126,169,129,74,106,67
NON-ATTEMPTS_GFG,111,103,120,102,91,80,106,51,139,125,62,101,158,147,96,92,145,106,109,122,95,58,118,114,62,80,186,106,228,138,69,41,87,62,78,85,114,60,80,108,138,57,113,91,150,105,170,82,72,66,120,104,80,74,103,110,128,69,109,87,63,100,93,124,54,48,75,79,95,97,85,35,53,80,87,78,95,125,104,88,108,108,66,86,96,78,96,108,101,141,121,42,85,72,107,83,58,67,91,82,138,82,114,110,140,109,35,99,76,87,75,73,58,101,98,118,105,123,62,84,58,134,107,110,61,125,117,129,130,44,87,57,68,107,122,61,140,93,87,58,72,119,79,83,114,81,104,98,77,43,112,84,134,218,116,107,64,100,75,67,134,99,115,104,88,69,100,105,69,91,69,105,117,97,135,83,137,66,46,72,67,122,100,166,64,136,114,120,164,131,69,68,97,128,62
RTP-GOING_FOR_THE_GREEN,-86,-97,-77,-68,-81,-68,-64,-63,-47,-65,-25,-64,-101,-103,-40,-56,-62,-67,-102,-45,-69,-60,-113,-58,-68,-48,-71,-69,-49,-79,-81,-60,-115,-99,-40,-92,-81,-52,-65,-49,-48,-46,-71,-75,-103,-55,-97,-63,-64,-54,-77,-46,-77,-36,-71,-42,-58,-58,-68,-64,-94,-76,-50,-72,-60,-104,-49,-86,-26,-94,-80,-51,-72,-69,-55,-38,-86,-57,-71,-61,-96,-101,-53,-55,-125,-77,-22,-64,-80,-78,-57,-66,-53,-59,-47,-89,-72,-105,-97,-123,-49,-87,-64,-70,-94,-128,-37,-72,-23,-66,-34,-51,-122,-60,-80,-59,-73,-62,-48,-74,-66,-62,-45,-55,-39,-41,-86,-86,-70,-25,-47,-98,-81,-78,-69,-57,-71,-72,-92,-57,-29,-86,-67,-61,-42,-68,-59,-43,-25,-64,-97,-49,-59,-70,-75,-77,-76,-85,-97,-23,-70,-67,-79,-76,-65,-62,-69,-91,-22,-81,-56,-73,-59,-62,-56,-59,-82,-107,-78,-126,-62,-89,-97,-70,-36,-62,-75,-26,-55,-71,-95,-61,-45,-57,-26
RTP-NOT_GOING_FOR_THE_GRN,-2,-3,-18,-1,4,-6,-9,-1,-25,-7,12,-7,1,-10,-10,-3,-19,0,-21,-11,-2,-4,2,-19,0,-16,-36,-13,-34,-4,-2,-2,-1,-8,-16,2,-19,-10,-16,1,-16,2,-21,-4,-22,-3,-33,8,12,-1,-23,11,-4,-3,2,-9,-11,4,8,8,-7,-16,-4,-7,-6,-2,-10,27,-10,-8,5,-1,-8,-3,-10,-20,-15,-8,-7,10,0,-5,-11,-4,11,-3,-23,6,-2,-7,-23,4,-4,-3,-10,-5,-9,-9,-5,-9,-12,-10,-12,-11,-13,-8,0,-14,3,0,-10,-4,-4,-2,-1,-13,-8,-3,7,6,7,-17,-7,-14,-4,-9,-11,-4,-20,9,-13,-1,0,1,-23,-8,-10,-14,-10,-7,-2,-14,-7,-1,-15,1,-7,-12,-2,-2,-16,-13,-13,-51,-14,-8,-5,-5,-1,6,3,-3,-8,-17,-9,1,-18,3,11,-9,-7,2,8,10,-19,-11,-8,3,-9,-3,-6,-8,2,-14,-16,-30,-15,-15,-26,-9,2,0,0,-25,2
HOLE_OUTS,20,11,13,12,8,7,15,4,15,10,5,9,24,13,12,13,25,12,7,10,6,6,10,14,6,8,15,9,9,11,11,8,11,11,10,14,17,8,10,3,6,4,8,10,17,11,20,11,10,10,12,5,9,10,17,6,13,5,20,17,13,4,14,15,6,9,7,10,8,13,13,1,10,5,9,8,13,8,9,6,10,18,10,6,12,15,7,20,14,19,8,9,8,8,12,8,5,10,10,18,14,8,12,11,18,15,10,6,6,13,5,8,16,12,10,11,12,19,10,14,10,8,17,7,9,6,10,15,15,3,9,8,13,9,14,10,9,8,12,4,8,15,6,11,12,19,9,10,6,11,22,9,14,14,22,8,12,10,15,4,17,10,14,10,11,5,10,13,12,9,5,15,5,16,18,6,18,16,8,14,15,13,12,16,8,13,16,11,12,11,6,17,9,13,6
SAND_SAVE%,56.25,48.8,54.38,48.15,42.36,52,59.35,51.58,42.28,49.18,34.33,51.46,53.49,53.18,66,57.69,44.67,55.75,50,48.96,52.73,47.71,53.42,57.48,47.78,48.28,51.88,48.87,47.62,41.61,45.95,52.56,48.09,47.01,54.37,51.24,40.15,54.79,57.04,52.81,50,48.87,56.49,45.19,47.22,42.34,53.8,53.42,48.72,48.15,44.27,57.66,48.74,52.44,55.62,47.62,48.41,46.15,43.62,44.8,50.63,56.03,34.86,43.2,50,42.77,47.32,43.93,50.44,52,44.67,54.39,55.42,51.52,40.95,51.46,54.55,42.22,44.17,50,48.48,53.33,64.17,51.55,40.13,40.37,45.33,53.57,51.85,47.06,52.75,45.98,52.13,57.65,54.03,53.27,58.82,53.45,45.33,49.28,44.94,44.55,44.83,62.22,47.24,49.44,47.13,44.68,51.28,50.91,64,51.24,52.91,41.82,50.35,40.65,50.48,47.62,45.65,48.84,50.48,61.97,48.84,48.61,48.57,43.96,55.56,43.79,50.31,62.34,43.52,54.64,55.35,52.52,42.34,50.65,56.69,56.73,60.9,55.45,41.89,43.36,59.8,51.65,60,43.2,45,50,43.2,54.44,60.67,43.9,50.4,52.33,41.54,47.14,47.58,43.48,51.75,40.24,42.86,43.97,56.69,60.94,51.09,51.69,47.5,50.78,42.86,46.97,47.73,49.29,50.34,51.52,53.42,47.78,49.36,49.65,51.46,45.89,49.14,48.47,33.8,49.01,53.42,47.65,63.04,49.58,61.82,53.28,47.67,49.23,61.63,51.77,46.51
NUMBER_OF_SAVES,72,61,87,78,61,65,73,49,52,60,23,88,92,92,66,75,67,63,55,47,58,52,86,73,43,28,69,65,70,57,51,41,63,55,56,62,55,40,81,47,71,65,87,61,68,58,99,78,57,39,58,64,58,43,99,40,61,42,65,56,40,79,38,54,46,74,53,76,57,78,67,31,46,51,43,53,84,38,53,56,64,96,77,50,63,65,34,75,70,72,48,40,49,49,67,57,60,62,68,68,71,49,52,84,77,89,41,63,40,56,64,62,91,46,71,63,53,70,42,63,53,88,63,35,34,40,75,74,82,48,47,53,88,73,47,39,89,59,81,56,31,62,61,47,66,54,63,68,54,49,108,54,63,90,54,66,59,50,74,33,69,51,89,78,70,46,57,98,48,62,42,69,75,68,78,43,77,71,53,67,57,79,48,74,39,71,87,59,102,73,82,64,53,73,40
NUMBER_OF_BUNKERS,128,125,160,162,144,125,123,95,123,122,67,171,172,173,100,130,150,113,110,96,110,109,161,127,90,58,133,133,147,137,111,78,131,117,103,121,137,73,142,89,142,133,154,135,144,137,184,146,117,81,131,111,119,82,178,84,126,91,149,125,79,141,109,125,92,173,112,173,113,150,150,57,83,99,105,103,154,90,120,112,132,180,120,97,157,161,75,140,135,153,91,87,94,85,124,107,102,116,150,138,158,110,116,135,163,180,87,141,78,110,100,121,172,110,141,155,105,147,92,129,105,142,129,72,70,91,135,169,163,77,108,97,159,139,111,77,157,104,133,101,74,143,102,91,110,125,140,136,125,90,178,123,125,172,130,140,124,115,143,82,161,116,157,128,137,89,120,193,112,132,88,140,149,132,146,90,156,143,103,146,116,163,142,151,73,149,138,119,165,137,172,130,86,141,86
TOTAL_O/U_PAR,32,38,31,42,51,43,34,22,45,38,37,55,53,41,20,34,61,23,38,35,38,31,53,35,29,20,50,37,65,51,32,16,39,34,29,34,52,24,33,32,57,42,34,56,52,59,37,47,47,32,46,45,41,38,41,30,51,31,68,54,21,36,51,53,23,56,34,67,50,31,44,17,29,27,43,38,30,37,51,40,41,43,24,26,60,74,35,42,31,62,16,22,26,21,44,24,19,22,52,38,70,40,42,25,52,46,34,44,24,42,22,36,33,48,42,73,31,63,35,53,37,34,45,22,21,36,38,51,63,18,42,15,33,35,42,30,57,28,29,31,31,63,19,30,29,41,70,49,53,17,28,49,34,57,48,43,39,36,46,43,68,43,37,29,47,23,42,58,73,56,35,49,64,37,49,28,51,48,40,41,36,49,61,47,28,65,24,48,37,42,44,44,24,38,30
Three_PUTT%,2.49,3.44,2.66,2.31,3.26,4.34,2.33,2.31,2.15,3,3.7,2.85,2.91,2.51,2.26,2.34,2.45,2.18,2.56,2.95,3.23,3.13,3.1,2.03,3.07,3.01,2.2,3.33,1.95,2.87,2.9,3.54,3.5,2.44,2.94,2.78,2.66,2.44,1.73,3.79,4.22,2.97,2.33,2.57,2.36,2.84,2.52,2.89,2.74,2.98,3.88,3.19,2.56,1.48,2.84,3.61,2.56,2.38,2.85,2.39,1.67,2.66,3.68,2.71,3.03,3.64,3.2,4.63,1.5,3.18,2.35,1.88,3.19,4.39,2.2,2.08,3.04,3.26,2.95,2.27,3.05,2.71,1.91,3.91,2.97,3.5,2.31,1.88,3.59,2.47,2.01,3.32,2.82,3.14,3.16,3.07,2.33,2.49,2.75,4.18,2.9,4.28,1.5,2.44,2.17,2.4,2.78,3.17,3.86,3.3,3.7,3.73,3.1,2.41,2.39,3.23,3.59,3.25,3.63,3.63,3.41,2.5,2.54,2.87,2.36,3.06,3.4,2.1,2.49,2.86,2.44,3.29,2.24,2.51,2.81,2.82,1.81,2.99,2.34,3.17,2.99,3.02,2.06,2.45,3.51,3.95,2.78,3.02,3.07,2.14,3.37,2.7,3.15,3.01,3.35,2.56,3.17,3.82,2.25,5.09,2.27,3.54,2.35,2.71,2.56,2.98,3,2.51,3.07,2.81,2.59,2.87,2.94,2.78,3.13,2.6,3.64,3.7,2.51,2.25,2.5,2.35,3.58,2.39,2.47,3.66,1.7,2.07,2.93,2.42,2.81,4.52,2.11,2.04,4.88
TOTAL_3_PUTTS,35,52,46,37,47,61,29,25,31,48,30,42,56,47,24,27,37,29,36,34,39,36,53,30,37,33,40,54,34,49,36,37,56,33,28,42,47,22,23,43,60,31,42,37,42,44,48,38,32,30,65,35,35,12,44,39,36,27,41,28,21,44,45,41,36,57,34,60,14,51,33,19,39,53,25,24,41,44,42,29,45,43,22,45,53,56,20,26,55,40,25,37,31,35,37,42,26,35,44,73,48,57,21,36,36,45,23,48,32,44,36,41,53,33,37,50,42,45,34,49,38,36,32,30,20,38,55,34,39,39,33,45,33,42,43,34,27,42,35,40,28,50,26,26,43,54,37,37,32,22,54,36,51,58,47,36,36,55,30,44,40,51,38,38,29,30,40,47,26,38,27,45,45,36,49,30,61,54,28,38,31,36,60,40,24,52,27,25,47,34,45,61,22,32,43
SG_PER_ROUND,0.305,0.486,0.444,0.584,-0.28,1.224,0.302,0.364,0.016,0.413,-1.336,-0.095,0.269,-0.094,-0.156,-0.119,-0.444,0.142,0.649,-0.727,-0.019,0.471,0.05,0.352,0.751,-0.353,0.103,0.038,-0.085,-0.224,0.373,1.226,1.385,0.82,0.094,1.188,0.58,0.49,0.198,-0.915,-0.029,-0.205,0.668,0.288,0.751,0.561,0.679,-0.391,-1.02,-0.146,0.579,-1.559,0.493,-2.84,-0.099,0.095,-0.235,-0.355,-1.17,-0.363,1.987,0.755,-0.786,-0.107,1.674,1.097,0.216,0.014,-2.055,0.209,-0.406,1.479,0.927,-0.232,-0.137,0.815,0.756,0.376,0.529,0.003,0.431,0.378,0.725,-0.074,0.513,0.108,0.087,-0.013,0.677,0.083,0.092,1.224,-0.791,-0.16,-0.992,1.016,1.363,1.653,1.384,0.534,-0.395,0.828,-0.381,0.431,0.868,0.277,0.261,0.798,-0.512,-0.162,0.474,0.413,1.44,0.154,0.637,-0.278,0.189,-1.246,-0.931,-0.775,0.192,0.254,-1.262,-0.446,0.228,-0.678,0.077,0.143,-0.038,-0.882,-0.183,1.489,0.89,-0.402,-0.055,0.944,-0.374,0.216,0.617,1.136,-0.085,0.072,1.005,-0.703,-0.586,0.356,-0.5,-1.001,-0.673,1.253,0.299,0.273,0.468,0.467,-0.058,1.211,0.336,0.503,0.132,-1.183,-0.71,0.916,0.34,-0.319,-0.026,0.494,0.141,0.16,-3.586,0.054,-0.211,0.81,-0.806,-0.194,-0.082,1.317,0.235,-0.14,1.318,1.252,-0.101,0.132,0.564,-0.313,0.501,0.299,0.734,-0.814,-0.864,-0.021,0.343,-0.297,0.12,0.787,-0.531
SG:OTT,-0.375,0.421,0.332,0.121,0.073,0.366,-0.024,0.208,0.263,-0.104,-0.457,0.07,0.115,0.267,-0.302,-0.142,0.069,-0.174,0.559,-0.696,0.101,0.155,0.181,-0.079,0.684,-0.135,-0.136,0.17,-0.236,0.197,0.309,0.767,0.579,0.861,-0.113,0.477,0.228,0.241,-0.028,-1.351,-0.042,-0.075,0.355,0.231,0.148,0.236,-0.041,-0.277,-0.212,0.114,0.501,-1.069,0.149,-0.977,0.005,-0.17,0.006,0.011,-0.757,-0.244,1.006,0.413,-0.054,-0.062,0.767,0.862,0.143,0.375,-0.69,0.209,-0.219,0.587,0.164,0.225,0.465,0.193,0.565,0.174,0.319,0.381,0.323,-0.101,0.229,0.259,0.359,0.311,-0.277,-0.467,0.3,-0.11,-0.213,0.872,-0.424,-0.542,-0.271,0.304,0.592,0.471,0.288,0.742,-0.286,0.628,-0.005,-0.341,0.439,0.271,0.491,0.489,-0.534,-0.05,0.403,0.509,0.824,-0.067,0.023,-0.097,-0.045,-0.248,0.134,-0.437,0.325,-0.206,-1.023,-0.073,0.111,-0.258,0.049,0.17,-0.406,-0.448,-0.032,0.723,0.091,-0.033,-0.278,0.179,-0.372,0.031,-0.147,0.348,-0.392,0.113,0.27,-1.019,-0.662,0.21,-0.68,-0.165,-0.095,0.655,0.217,0.094,0.056,0.017,0.011,0.406,0.272,0.203,0.35,0.026,-0.265,0.205,-0.021,0.076,0.211,0.336,-0.093,-0.021,-1.585,0.045,0.112,0.057,-0.488,-0.322,-0.044,-0.006,0.018,0.379,0.567,0.509,0.51,0.138,0.269,-0.493,0.207,-0.005,-0.07,-1.443,-0.748,-0.306,0.25,0.139,-0.345,-0.005,-0.079
SG:APR,0.048,0.075,0.128,0.24,-0.262,0.705,-0.169,0.19,-0.061,0.357,-0.447,-0.285,-0.056,-0.366,-0.038,0.119,-0.385,-0.025,0.278,-0.17,-0.047,0.182,-0.006,0.074,0.306,0.078,-0.019,-0.029,0.128,-0.103,0.371,0.228,0.654,0.092,-0.032,0.508,0.287,0.039,-0.01,0.348,-0.01,-0.092,0.209,0.202,0.701,0.483,0.529,-0.056,-0.696,-0.008,0.275,-0.541,0.509,-1.586,-0.155,0.379,-0.16,-0.347,-0.365,-0.252,0.824,0.434,-0.423,-0.015,0.702,0.53,-0.026,-0.347,-1.192,-0.052,-0.297,0.975,0.503,-0.237,-0.149,0.454,0.159,0.34,0.453,-0.373,0.081,-0.04,-0.133,-0.126,0.268,-0.078,0.111,0.273,0.382,0.24,0.078,0.15,-0.563,0.043,-0.538,0.445,0.414,0.967,0.99,-0.118,0.017,0.391,-0.306,0.373,0.415,0.032,-0.347,0.271,0.036,-0.034,-0.33,-0.123,0.26,0.342,0.318,-0.083,0.024,-0.811,-1.039,-0.023,-0.304,0.238,-0.213,-0.423,0.036,-0.368,0.011,0.141,0.104,-0.663,-0.199,0.567,0.255,-0.412,0.39,0.703,-0.257,-0.043,0.634,0.693,0.389,-0.099,0.478,0.059,0.026,0.331,0.096,-0.6,-0.415,0.195,-0.152,0.431,0.252,0.25,-0.074,0.532,0.22,0.399,-0.081,-0.285,-0.27,0.641,0.379,-0.392,-0.073,0.228,0.221,-0.146,-1.504,-0.166,-0.065,0.698,-0.094,0.075,-0.179,0.955,0.297,-0.24,0.359,0.49,-0.416,0.086,0.44,-0.008,0.182,0.305,0.489,0.222,0.03,0.091,0.171,-0.254,0.072,0.41,-0.265
SG:ARG,0.632,-0.01,-0.016,0.223,-0.091,0.153,0.495,-0.034,-0.186,0.161,-0.432,0.12,0.21,0.004,0.184,-0.096,-0.128,0.341,-0.189,0.139,-0.073,0.134,-0.124,0.357,-0.239,-0.296,0.257,-0.103,0.022,-0.318,-0.307,0.23,0.151,-0.133,0.239,0.202,0.065,0.21,0.236,0.088,0.023,-0.038,0.103,-0.145,-0.099,-0.158,0.19,-0.058,-0.111,-0.252,-0.198,0.051,-0.166,-0.277,0.051,-0.113,-0.081,-0.019,-0.048,0.133,0.157,-0.092,-0.309,-0.03,0.205,-0.295,0.099,-0.015,-0.174,0.052,0.111,-0.084,0.26,-0.221,-0.453,0.168,0.032,-0.138,-0.244,-0.005,0.028,0.519,0.629,-0.207,-0.113,-0.124,0.253,0.181,-0.004,-0.047,0.226,0.203,0.196,0.339,-0.182,0.267,0.357,0.215,0.107,-0.09,-0.126,-0.191,-0.069,0.4,0.014,-0.026,0.117,0.038,-0.014,-0.078,0.4,0.027,0.356,-0.121,0.297,-0.098,0.209,-0.186,-0.027,-0.314,0.17,0.222,-0.027,0.05,0.08,-0.052,0.017,-0.167,0.264,0.23,0.048,0.199,0.543,0.043,-0.167,0.063,0.255,0.229,0.13,0.094,-0.083,0.058,0.257,0.257,0.05,-0.186,0.084,-0.237,-0.163,0.403,0.234,-0.252,0.16,0.2,0.005,0.273,-0.157,-0.099,-0.138,-0.924,-0.175,0.071,-0.018,-0.003,-0.164,-0.069,0.013,0.327,-0.497,0.175,-0.258,0.055,-0.225,0.053,0.14,0.367,-0.079,-0.279,0.392,0.254,-0.195,-0.092,-0.145,0.187,0.112,-0.002,0.315,0.407,-0.146,0.194,-0.078,-0.182,0.394,0.382,-0.187
DRIVES_320+%,7.07,11.82,12,7.81,15.54,14.85,3.47,10.16,5.97,5.95,4.83,8.64,6.06,10.89,1.24,3.65,5.65,6.94,9.57,3.14,7.66,14.57,15.99,6.05,23.44,8.51,2.28,10.15,1.5,7.08,12.78,31.64,19.33,31.22,8.04,20.54,6.72,10.1,11.95,7.28,4.07,15.83,12.02,14.09,10.86,4.2,4.78,7.97,9.39,5.52,13.07,5.19,14.09,3.76,6.54,3.57,3.12,6.71,3.37,8.35,33.29,7.04,10.45,4.34,14.58,25.75,7.19,24.76,3.15,19.32,13.89,3.76,16.67,17.12,8.96,6.7,21.41,4.56,9.26,12.16,9.32,12.32,21.1,13.2,20.03,18.96,1.37,11.46,8.45,3.84,5.19,31.7,8.28,4.76,5.13,15.48,16.77,25.83,8.72,24.96,3.97,24.88,6.88,5.41,6.02,24.4,12.14,11.89,2.78,15.89,15.07,8.17,26.7,8.13,13.57,10.76,8.69,3.95,13.21,7.88,14.6,5.24,3.45,6.76,6.73,7.65,5.8,16.67,13.19,10.81,11.18,17.35,11.49,16.01,12.88,14.74,6.49,21.78,14.52,7.79,9.14,5.17,15.95,3.33,4.76,16.24,5.73,4.46,6.55,33.92,8.6,8.95,6.25,4.09,3.19,4.12,17.34,8.71,12.74,8.08,4.96,9.71,10.2,12.58,12.59,11.44,9.52,8.27,12.68,9.91,7.45,9.53,6.75,9.58,2.96,13.55,5.34,29.67,18.94,27.45,29.85,7.45,6.78,6.56,13.53,3.16,6.39,2.92,3.14,5.64,20.78,10.55,4.19,4.11,8.57
TOTAL_DRIVES_FOR_320+,65,122,139,70,143,120,29,64,61,64,23,81,78,137,8,29,60,60,98,25,64,81,190,59,165,56,28,97,18,80,102,205,190,271,46,198,77,58,92,52,38,88,124,126,132,34,64,65,71,34,144,35,115,20,64,25,30,46,32,71,253,70,79,43,100,223,44,205,18,194,132,21,115,125,64,43,203,40,92,97,90,134,127,89,246,160,8,99,84,44,40,201,56,32,43,139,105,218,90,290,41,203,61,50,69,307,51,102,14,129,88,50,283,75,124,108,74,37,74,67,92,46,26,53,33,63,60,186,138,92,74,144,88,154,134,84,68,186,126,48,51,52,119,21,36,154,48,35,41,213,90,68,61,55,32,38,145,85,119,43,56,87,111,116,100,78,80,88,69,87,48,89,63,83,31,100,62,286,122,280,237,76,73,76,72,31,65,21,32,59,187,84,27,39,43
TOTAL_DRIVES,920,"1,032","1,158",896,920,808,836,630,"1,022","1,076",476,938,"1,288","1,258",644,794,"1,062",864,"1,024",796,836,556,"1,188",976,704,658,"1,230",956,"1,202","1,130",798,648,983,868,572,964,"1,146",574,770,714,934,556,"1,032",894,"1,216",810,"1,340",816,756,616,"1,102",674,816,532,978,700,962,686,950,850,760,994,756,990,686,866,612,828,572,"1,004",950,558,690,730,714,642,948,878,994,798,966,"1,088",602,674,"1,228",844,584,864,994,"1,146",770,634,676,672,838,898,626,844,"1,032","1,162","1,032",816,886,924,"1,146","1,258",420,858,504,812,584,612,"1,060",922,914,"1,004",852,936,560,850,630,878,754,784,490,824,"1,034","1,116","1,046",860,662,830,766,962,"1,040",570,"1,048",854,868,616,558,"1,006",746,630,756,948,838,784,626,628,"1,046",760,976,"1,344","1,004",922,836,976,934,532,"1,130",896,"1,088",922,794,682,840,"1,064",544,878,644,934,934,866,"1,048",738,"1,160",964,644,"1,020",794,"1,020","1,076","1,158",532,980,"1,018",718,"1,018","1,046",900,796,644,948,502
ROUGH_TENDNECY%,35.86,24.34,28.68,23.52,31.98,26.29,26.29,29.03,26.84,31.62,37.1,28.76,23.65,26.52,26.86,24.56,27.44,32.94,23.73,30.54,26.23,29.95,32.71,25.9,30.7,33.59,21.84,24.58,22.02,28.39,26.32,32.4,26.47,30.92,28.7,29.41,22.74,30.49,32.5,33.33,28.53,32.36,27.89,30.53,29.07,21.14,27.02,28.47,33.29,26.63,28.14,29.49,27,37.79,26.93,26.69,23.65,25.26,33.65,30.88,32,22.27,30.53,27.38,24.01,28.84,28.62,31.37,26.98,32.39,29.21,16.67,31.42,23.62,28.87,25.82,30.66,25.72,24.34,30.52,25.03,32.71,30.55,26.16,31.83,31.73,25.17,34.05,24.97,27.42,27.15,28.57,30.65,28.87,27.49,28.22,23.84,31.06,22.61,29.78,25.49,28.47,24.4,25.76,23.01,34.41,27.03,20.3,28.83,36.72,29.21,26.19,34.16,27.62,29.46,31.55,26.24,30.25,34.06,31.23,28.57,27.41,30.57,23.17,27.37,31.18,30.83,29.86,36.58,28.77,30.4,29.3,32.37,28.78,34.14,26.1,29.08,33.61,35.82,25.57,32.18,25.87,26.29,42.35,33.96,30.67,32.13,28.55,26.48,30.02,27.67,23.03,22.1,19.36,28.02,21.2,28.31,24.72,29.25,26.74,30.06,28.35,31.5,34.32,28.77,28.13,33.25,29.38,42.64,31.23,22.61,31.18,30.9,33.61,25.77,30.12,27.02,33.47,25.43,33.66,33.25,26.73,25.51,31.21,29.57,23.23,30.15,32.63,28.15,30.76,27.19,25.83,33.28,25.4,34.61
TOTAL_ROUGH,327,249,331,210,291,209,219,182,273,338,174,268,303,331,173,194,290,282,243,241,218,165,386,251,214,219,268,234,264,320,209,209,257,265,163,280,259,175,247,231,265,177,287,272,350,171,361,230,249,163,309,197,219,198,261,186,227,172,315,260,240,220,229,270,163,248,174,256,153,322,274,93,214,171,205,165,287,224,241,242,240,352,183,175,387,264,147,285,247,314,208,178,206,192,229,250,149,259,232,344,262,230,215,237,263,428,113,174,145,293,170,160,358,253,266,313,222,281,188,262,178,239,225,180,133,256,316,330,379,244,200,242,246,274,351,148,303,282,307,157,177,259,194,260,253,288,267,223,165,187,288,175,215,260,281,195,235,240,270,142,337,252,338,313,227,191,276,310,220,272,144,290,283,286,268,219,311,317,163,340,258,271,274,358,157,227,306,232,284,319,242,203,214,239,172
FAIRWAY_BUNKER%,7.5,7,5.6,6.8,6.3,5.8,4.6,6.1,5.2,6,8.5,6.7,5.6,6.3,4,8.5,4.3,7.7,5.4,5.4,4.7,5.8,7.1,7.5,5.6,4.3,5.1,6.5,4.5,5.5,5.7,4.5,4.3,6.7,7.6,5.6,5.2,5.4,6.2,7.5,6.5,7.5,6.1,7.5,5.8,5.3,6,6.4,6.6,5.1,5.5,5.5,4.8,5,6.1,4.9,5.2,6,7.8,6.4,4,5.9,5.7,5.7,5.7,4.7,4.9,7.2,7.1,5.3,6.7,6.5,5,6.2,5.6,6.9,6.2,6.1,5.6,6.6,6.5,7,8,6.3,5.8,7.1,4.3,6,6.2,5.4,5.6,6.6,5.1,7.5,6.7,6,6.2,7.4,5.6,6.8,5.4,6.1,5.4,6.3,5,6.8,4.3,4.8,7.4,5.1,4.6,8,6.6,8.7,5.3,9.5,5.3,7.4,5.6,7.4,6.9,5.6,7.9,6.9,8.6,6.1,6.4,7.1,7.9,6.1,3.8,4.2,6.4,5.7,6.6,6.3,8.1,7.5,7.6,4.9,5.8,6.4,5.4,4.1,6.4,7,8.5,5.9,6.3,5.9,8.2,6.2,7.8,4.4,5,3.5,7.1,4.9,6.7,5.1,6.1,4.3,6.8,5.6,6.7,7.1,6.1,6.2,7.8,7.1,6.4,6.7,6.1,5.2,5.3,5.6,6.3,5.2,5.6,7.2,5.2,6.6,5.7,7.3,5.6,6.3,5.2,6,5.4,6.2,7.6,6.1,3.1,6.6,6.6
TOTAL_FAIRWAY_BUNKERS,68,72,65,61,57,46,38,38,53,64,40,62,72,79,26,67,45,66,55,43,39,32,84,73,39,28,63,62,54,62,45,29,42,57,43,53,59,31,47,52,60,41,63,67,70,43,80,52,49,31,60,37,39,26,59,34,50,41,73,54,30,58,43,56,39,40,30,59,40,53,63,36,34,45,40,44,58,53,55,52,62,75,48,42,71,59,25,50,61,62,43,41,34,50,56,53,39,62,57,79,56,49,48,58,57,85,18,41,37,41,27,49,69,80,48,94,45,69,31,62,43,49,58,54,42,50,66,78,82,52,25,35,49,54,68,36,84,63,65,30,32,64,40,25,48,66,71,46,39,37,85,47,76,59,50,32,59,48,62,27,68,38,73,51,53,48,51,65,40,62,41,62,56,44,55,41,73,49,36,73,40,67,61,84,30,62,53,43,54,64,68,48,20,62,33
AVG_CLUB_HEAD_SPEED,113.89,114.4,111.85,111.69,120.59,120.85,107.28,117.78,110.86,113.36,110.52,111.86,110.96,111.47,107.78,112.2,110.66,115.39,114.32,109.3,111.16,115.23,116.76,111.12,116.88,110.85,105.76,109.93,105.86,112.2,113.33,122.08,117.67,121.22,112.3,117.2,111.32,111.11,113.33,111.19,109.5,118.79,118.01,115.76,114.26,108.83,112.01,111.96,112.31,119.01,114.6,107.93,115.21,109.15,110.92,107.54,109.47,113.28,110.46,114.91,121.6,115,115.99,112.05,112.82,122.61,111.44,118.59,108.56,116.77,116.77,115.85,116.83,118.29,115.27,111.62,120.83,112.78,114.51,115.72,114.28,116.14,117.31,112.4,118.14,121.87,105.27,115.6,112.78,109.36,108.61,118.5,110.49,111.51,111.45,113.44,116.99,117.21,114.35,124.67,108.58,119.25,112.5,113.63,114.53,122.13,113.46,112.67,106.27,119.4,114.36,115.31,121.44,115.01,115.3,114.91,114.93,109.67,116.19,113.06,118.06,107.97,110.64,111.7,113.86,113.56,109.88,118.45,119.28,113.92,116.79,114.61,117.18,118.75,115.49,117.33,111.26,122.9,116.4,112.17,111.99,109.14,116.04,116.94,112.17,117.13,115.13,108.82,112.37,121.25,112.09,112.29,111.36,109.29,108.05,109.43,116.66,117.17,113.47,110.87,113.5,112.59,115.72,118.71,114.47,114.49,114.97,111.53,115.5,113.54,109.41,115.54,112.57,117.54,113.5,120.31,111.82,120.53,117,121.55,121.29,112.04,114.17,111.94,115.69,107.04,110.9,108.78,109.67,110.35,117.39,114.95,107.9,110,116.53
FASTEST_CH_SPEED,118.45,117.45,115.87,115.91,123.73,124.53,113.77,122.53,116.06,118.91,113.5,115.8,114.7,114.73,112.92,118.18,115.53,120.63,119.66,115.9,115.14,118.33,121.96,116.29,121.73,112.97,109.25,116.41,109.16,116.11,117.32,126.98,123.93,125.56,114.57,121.92,114.63,114.44,118.83,117.1,114.26,122.29,121.08,119.71,118.54,114.36,117.17,116.58,116.94,124.46,117.65,112.31,120.03,113.06,117.07,111.31,114.63,117.13,117.81,118.48,126.61,118.48,121.06,116.37,116.71,126.5,116.76,125.28,113.43,122.68,119.23,118.51,119.39,122.28,117.99,114.32,125.99,118.51,120.32,119.11,118.54,120.96,120.64,117.43,124.44,127.85,109.25,118.26,116.21,114.62,112.88,123.14,116.34,115.61,115.51,116.33,122.61,120.2,118.53,129.08,113.72,124.59,116.25,120.73,117.66,129.02,119.56,116.63,111.01,122.32,118.21,118.83,126.72,118.62,119.37,119.68,118.59,112.6,119.38,117.13,122.61,110.49,114.2,115.95,116.3,117.32,114.86,121.46,124.94,118,120.21,117.73,120.41,122.07,119.38,122.99,117.19,128.42,121.44,115.08,117.08,112.02,119.66,121.06,117.17,122.06,118.73,113.95,116.81,125.4,117.89,116.49,113.76,115.34,111.99,113.08,121.2,120.34,118.35,113.37,117.92,116.99,121.23,123.52,120.15,118.3,121.07,115.28,120.8,117.14,112.99,120.35,117.59,123.84,116.7,129.2,116.83,126.6,120.11,127.26,124.23,115.11,118.93,115.63,118.75,111.91,115.4,111.48,113.54,114.75,122.65,119.2,110.66,113.97,120.44
SLOWEST_CH_SPEED,110.22,111.03,108.23,108.55,116.98,117.06,104.16,113.17,107.74,108.36,106.63,108.14,107.99,105.8,103.62,106.11,106.93,111.17,108.82,105.21,107.46,111.34,113,107.65,113.69,107.79,102.15,107.31,102.16,108.74,109.58,116.64,112.41,118.02,109.83,113.89,108.14,107.3,109.29,106.97,104.77,115.56,114.16,112.27,109.79,105.1,107.49,106.59,108.2,112.63,110.43,103.48,111.57,105.63,106.17,103.92,105.63,110.27,102.83,111.15,118.55,112.8,112.35,108.49,109.74,117.3,106.97,114.1,103.13,112.25,112.15,112.91,113.54,113.12,111.85,109.82,117.75,108.57,110.39,112.37,110.49,112.39,114.28,108.51,113.77,117.6,102.44,111.77,109.16,105.63,105.55,115.38,106.77,107.89,108.79,110.53,112.31,114.34,111.63,118.42,105.57,116.06,107.68,108.39,111.35,117.89,110.02,109.5,103.36,115.27,110.48,111.53,116.18,110.55,111.72,111.16,111.67,106.99,112.35,109.99,114.01,105.16,106.78,108.25,111.55,109.6,106.7,115.03,115.43,110.34,112.85,111.99,113.4,114.89,112.12,112.01,105.56,117.19,106.59,110.01,107.46,105.83,112.16,113.64,108.22,112.92,111.73,103.16,109.45,118.73,107.29,109.21,108.24,105.84,104.96,104.92,112.5,113.55,109.5,107.7,108.64,107.14,112.09,114.47,110.81,110.1,109.9,108.81,112.39,108.97,106.04,111.72,109.12,113.68,109.95,116.25,107.56,116.05,114.68,118.73,114.15,109.43,109.16,107.65,113.86,104.28,107.03,106.1,106.62,106.81,113.81,110.2,104.53,107.4,107.76
AVG_BALL_SPEED,170.68,171.87,167.57,168.2,177.58,180.85,160.36,173.28,166.35,167.31,165.25,167.32,166.22,167.31,160.75,165.61,166.43,169.91,169.92,161.67,166.91,173.69,175.21,165.37,174.55,166.03,157.17,164.02,158.74,168.59,170.27,180.62,175.43,181.33,168.39,176.22,167.46,166.61,169.79,164.74,163.67,175.55,174.85,172.4,171.81,160.99,165.84,166.06,168.33,169.76,172.06,160.2,170.18,162.06,165.68,159.56,163.9,169.32,165.6,171.08,181.43,169.17,171.76,165.03,169.12,180.22,164.41,178.34,160.9,173.46,175.75,174.48,173.41,173.93,168.91,167.36,178.22,167.53,167.18,171.83,167.88,172.07,176.44,169.16,177.41,181.35,157.36,173.97,167.94,162.77,161.36,177.19,165.21,166.28,162.51,170.46,172.33,176.02,171.21,181.57,163.12,177.04,164.87,166.17,169.2,181.25,168.4,168.07,158.42,178.59,171.42,171.9,181.24,170.72,173.06,171,171.22,163.87,170.18,169.1,176.11,162.45,164.54,167.02,168.96,168.57,163.72,178.53,177.43,169.6,168.41,172.73,173.39,177.01,171.71,175.93,165,181.46,173.78,167.46,166.59,164.05,173.84,169.94,166.5,176.19,171.43,161.27,163.86,181.34,166.25,167.69,165.97,161.19,161.74,162.68,173.8,169.88,170.67,165.13,165.98,168.51,173.38,177.8,171.76,171.81,169.38,166.27,171.75,169.4,162.91,171.43,168.69,174.46,165.76,178.56,166,180.24,175.17,181.77,182.22,166.88,166.46,167.96,172.56,160.07,164.85,163.44,163.98,165.07,174.2,169.29,158.44,164.14,165.76
FASTEST_BALL_SPEED,174.72,175.64,174.44,171.03,181.34,185.86,163.06,177.59,169.23,173.17,169.18,173.43,173.04,172.49,165.69,169.8,174.41,173.54,179.17,166.3,172.62,177.7,179.21,171.38,179.93,171.26,160.26,167.14,163.1,172.22,175.36,184.04,183.89,185.26,171.89,179.75,172.38,171.31,174.09,172.26,170.42,179.35,177.74,176.74,175.45,163.25,170.68,173.09,173.02,174.05,176.28,165.8,173.91,165.49,172.5,163.16,168.06,172.04,170.53,175.83,185.56,173.37,176.4,170.2,174.4,186.55,169.66,183.11,167.37,179.53,178.67,179.58,178.33,178,172.25,170.28,183.34,173.05,173.02,176.45,173,176.66,181.14,173.98,182.91,186,161.32,178.35,172.91,167.08,165.31,182.39,172.28,170,166.87,175.59,179.44,179.82,174.45,187.5,168.08,180.07,170.15,172.67,172.48,184.78,171.17,173.98,162.41,182.1,175.59,176.22,185.36,174.15,176.89,177.36,174.58,168.21,174.52,174.39,180.5,166.69,169.8,171.01,172.6,175.04,167.65,183.06,180.88,174.36,172.73,177.59,178.01,182.28,176.2,181.14,171.4,186.83,177.25,171.91,169.99,168.54,178.86,174.61,171,180.59,175.51,170.45,168,185.19,174.35,171.58,169.52,166.1,165.92,165.42,179.89,175.38,175.55,169.19,170.46,173.44,179.12,183.81,177.03,175.33,175.27,169.83,176.26,174.67,168.18,176.19,173.55,179.45,170.93,182.32,170.6,184.58,178.47,185.37,186.44,170.92,171.77,173.16,176.48,162.97,169.28,167.24,167.84,169.53,178.36,176.56,163.87,168.71,170.8
SLOWEST_BALL_SPEED,166.01,167.5,160.94,162.51,171.12,175.34,156.36,168.8,162.9,162.47,160.5,161.29,160.61,156.65,155.14,156.44,160.23,164.13,164.37,157.59,160.57,168.68,170.52,160.44,170.31,153.02,153.51,160.94,151.34,164.09,165.15,173.69,167.13,176.88,163.48,171.58,163.4,159.21,164.78,157.44,157.86,168.95,170.42,165.22,165.45,157.99,159.03,159.47,162.85,163.2,162.36,152.6,164.48,156.05,159.65,154.57,158.88,166.1,154.42,165.63,176.55,164.2,165.88,161.62,164.83,174.28,157.99,171.96,149.69,166.22,167.01,166.71,167.55,169.51,163.65,164.31,172.04,158.57,161.21,166.75,159.56,166.1,170.95,163.24,171.37,177.34,153.12,167.74,161.82,154.81,155.93,171.77,157.24,161.16,155.14,164.44,166.94,169.28,166.67,176.57,158.67,170.99,159.36,158.07,159.19,174.97,161.75,162.81,154.76,172.19,166.14,165.57,175.34,165.23,168.64,165.57,167.89,159.19,164.47,161.06,171.96,157.81,154.74,161.22,163.91,162.42,160.91,173.36,172.01,163.67,159.82,168.89,166.76,172.78,167.55,169,155.87,174.3,161.13,163.52,160.89,159.61,166.93,165.63,159.63,169.56,163.17,154.74,155.86,176.89,161.91,162.18,161.95,157.12,154.49,155.86,167.32,161.98,164.79,159.88,159.12,161.14,163.2,170.81,167.45,166.92,163.66,160.99,165.73,163.29,159.93,162.52,164.52,168.7,159.71,170.88,160.02,174.79,172.59,177.27,171.88,159.57,161.76,162.69,167.52,156.44,158.26,159.41,156.89,158.97,168.42,159.04,146.5,155.17,159.42
AVG_SMASH_FACTOR,1.498,1.502,1.498,1.506,1.472,1.496,1.495,1.471,1.5,1.476,1.495,1.495,1.498,1.5,1.491,1.476,1.504,1.472,1.486,1.479,1.501,1.507,1.5,1.488,1.493,1.497,1.486,1.492,1.499,1.502,1.502,1.479,1.491,1.496,1.499,1.503,1.504,1.499,1.498,1.482,1.494,1.478,1.481,1.489,1.503,1.479,1.48,1.483,1.499,1.427,1.501,1.484,1.477,1.484,1.493,1.484,1.497,1.494,1.499,1.488,1.492,1.471,1.481,1.473,1.499,1.47,1.475,1.504,1.482,1.485,1.505,1.506,1.484,1.47,1.465,1.499,1.475,1.485,1.46,1.485,1.469,1.481,1.504,1.504,1.501,1.488,1.495,1.504,1.489,1.488,1.486,1.495,1.495,1.491,1.458,1.502,1.473,1.501,1.497,1.456,1.502,1.485,1.465,1.462,1.477,1.484,1.484,1.491,1.491,1.495,1.498,1.49,1.492,1.484,1.501,1.488,1.49,1.494,1.464,1.495,1.491,1.504,1.487,1.495,1.483,1.484,1.49,1.507,1.487,1.487,1.442,1.507,1.479,1.49,1.486,1.499,1.483,1.476,1.493,1.493,1.487,1.503,1.498,1.453,1.484,1.504,1.489,1.482,1.458,1.495,1.483,1.493,1.49,1.475,1.496,1.486,1.49,1.45,1.504,1.489,1.462,1.496,1.498,1.497,1.5,1.5,1.473,1.49,1.487,1.492,1.489,1.484,1.498,1.484,1.46,1.484,1.484,1.495,1.497,1.495,1.502,1.489,1.458,1.5,1.491,1.495,1.486,1.502,1.495,1.496,1.484,1.472,1.468,1.492,1.423
HIGHEST_SF,1.519,1.516,1.519,1.519,1.508,1.518,1.519,1.507,1.519,1.512,1.519,1.519,1.524,1.514,1.514,1.517,1.519,1.517,1.519,1.511,1.516,1.518,1.526,1.515,1.522,1.519,1.512,1.516,1.518,1.519,1.516,1.512,1.515,1.52,1.516,1.517,1.516,1.511,1.514,1.512,1.513,1.512,1.509,1.518,1.517,1.516,1.514,1.517,1.519,1.512,1.518,1.518,1.507,1.51,1.517,1.517,1.518,1.518,1.518,1.518,1.518,1.503,1.515,1.514,1.519,1.522,1.516,1.526,1.519,1.517,1.519,1.518,1.517,1.516,1.492,1.515,1.515,1.515,1.506,1.515,1.509,1.517,1.518,1.517,1.527,1.519,1.518,1.519,1.519,1.516,1.518,1.519,1.519,1.516,1.497,1.518,1.515,1.519,1.517,1.51,1.517,1.517,1.516,1.507,1.509,1.519,1.514,1.517,1.516,1.517,1.516,1.516,1.518,1.51,1.519,1.517,1.519,1.52,1.507,1.519,1.518,1.519,1.516,1.518,1.504,1.516,1.516,1.519,1.515,1.515,1.473,1.519,1.513,1.519,1.516,1.516,1.514,1.518,1.518,1.51,1.518,1.52,1.518,1.517,1.514,1.519,1.515,1.519,1.496,1.519,1.518,1.519,1.515,1.511,1.514,1.509,1.517,1.497,1.518,1.516,1.514,1.518,1.519,1.516,1.518,1.518,1.514,1.518,1.519,1.516,1.519,1.517,1.518,1.519,1.512,1.514,1.513,1.539,1.512,1.517,1.518,1.517,1.516,1.516,1.512,1.519,1.516,1.517,1.518,1.519,1.518,1.518,1.516,1.513,1.506
LOWEST_SF,1.446,1.444,1.441,1.472,1.426,1.457,1.426,1.425,1.457,1.4,1.452,1.457,1.46,1.449,1.413,1.42,1.477,1.423,1.438,1.416,1.484,1.492,1.444,1.432,1.455,1.38,1.442,1.424,1.43,1.463,1.443,1.421,1.435,1.431,1.462,1.465,1.462,1.456,1.457,1.416,1.427,1.435,1.439,1.44,1.449,1.412,1.377,1.422,1.445,1.353,1.452,1.437,1.425,1.451,1.45,1.417,1.425,1.438,1.42,1.44,1.459,1.414,1.425,1.422,1.45,1.418,1.397,1.452,1.386,1.437,1.479,1.457,1.451,1.392,1.432,1.463,1.387,1.365,1.404,1.419,1.4,1.425,1.451,1.468,1.447,1.424,1.445,1.469,1.43,1.421,1.398,1.449,1.424,1.435,1.412,1.478,1.406,1.425,1.424,1.379,1.477,1.405,1.403,1.42,1.429,1.411,1.417,1.438,1.434,1.455,1.461,1.442,1.431,1.444,1.46,1.446,1.436,1.449,1.39,1.428,1.424,1.475,1.39,1.468,1.45,1.426,1.41,1.48,1.435,1.431,1.393,1.476,1.448,1.435,1.431,1.459,1.411,1.398,1.443,1.473,1.436,1.469,1.451,1.412,1.423,1.449,1.406,1.432,1.388,1.422,1.405,1.423,1.45,1.42,1.439,1.449,1.442,1.384,1.464,1.461,1.397,1.42,1.439,1.438,1.44,1.461,1.379,1.442,1.417,1.45,1.421,1.394,1.41,1.412,1.415,1.411,1.428,1.422,1.443,1.423,1.462,1.43,1.377,1.463,1.438,1.431,1.421,1.484,1.443,1.415,1.422,1.411,1.367,1.417,1.337
AVG_LAUNCH_ANGLE,14.71,13.96,13.94,13.67,13.47,13.42,13.4,13.32,13.3,13.28,13.2,13.15,13.15,13.02,12.95,12.91,12.75,12.71,12.7,12.65,12.62,12.62,12.61,12.6,12.54,12.54,12.47,12.44,12.41,12.4,12.38,12.37,12.31,12.3,12.28,12.26,12.26,12.25,12.24,12.21,12.2,12.18,12.18,12.18,12.16,12.15,12.12,12.1,12.1,12.09,12.08,12.06,12.03,12.02,11.99,11.97,11.96,11.94,11.93,11.91,11.89,11.87,11.86,11.81,11.75,11.73,11.72,11.68,11.63,11.62,11.61,11.6,11.6,11.59,11.56,11.54,11.51,11.5,11.5,11.48,11.46,11.46,11.43,11.4,11.39,11.37,11.34,11.3,11.28,11.28,11.27,11.26,11.24,11.23,11.19,11.16,11.14,11.11,11.1,11.07,11.07,11.06,11.06,11.04,11.04,11.01,10.95,10.89,10.89,10.89,10.85,10.83,10.82,10.81,10.8,10.79,10.78,10.77,10.73,10.71,10.7,10.67,10.63,10.62,10.62,10.58,10.55,10.55,10.53,10.51,10.48,10.47,10.46,10.46,10.45,10.42,10.41,10.4,10.37,10.36,10.35,10.26,10.26,10.24,10.22,10.19,10.13,10.12,10.1,10.1,10.09,10.06,10.05,10.03,10.02,9.97,9.91,9.87,9.77,9.77,9.75,9.74,9.67,9.66,9.64,9.57,9.55,9.54,9.53,9.51,9.5,9.48,9.27,9.26,9.14,9.06,9.03,9.01,8.93,8.8,8.8,8.77,8.69,8.68,8.59,8.47,8.42,8.21,8.19,8.08,7.72,7.72,7.52,7.14,11.06
LOWEST_LAUNCH_ANGLE,10.45,9.25,11.32,10.45,10.33,9.27,6.96,8.83,7.88,8.51,9.61,10.29,10.33,6.32,10.57,8.56,8.81,8.76,8.89,7.14,9.01,9.43,8.64,7.53,9.88,6.79,9.21,7.43,9.35,9.94,8.56,5.32,8.36,9.84,8.45,10.05,9.09,9.27,8.69,7.62,6.92,7.49,5.69,7.3,4.57,7.24,6.92,9.55,8.88,8.59,8.89,7.82,7.1,5.62,5.68,8.09,5.88,7.16,8.12,6.32,6.79,8.55,8.35,9,6.62,6.78,6.68,5.63,7.82,7.37,8.42,7.02,7.51,8.09,9.21,8.25,7.92,7.04,7.18,7.93,6.41,6.13,7.84,5.8,6.97,8.16,7.21,6.71,7.67,7.72,6.76,7.7,8.2,5.67,7.74,7.46,7.64,9.08,7.07,7.78,6.69,7.63,7.41,6.36,8.01,5.86,7.55,6.83,8.18,8.61,6.29,7.02,7.16,6.76,6.47,6.68,6.95,5.7,7.52,5.54,8.24,6.01,6.03,4.89,6.38,7.33,6.88,6.97,5.68,6.33,6.8,5.34,6.33,7.33,6.1,7.7,5.97,6.22,7.85,7.46,7.14,5.17,4.32,6.79,6.44,5.96,6.12,7.18,6.45,4.71,4.59,6.4,5.59,7.05,6.8,6.62,6.13,5.36,4.63,6.25,6.07,5.41,2.23,4.84,6.11,5.78,6.62,5.71,4.04,5.31,5.85,4.83,4.93,4.94,6.24,4.62,5.02,5.7,4.93,4.43,4.68,5.98,5.88,4.08,6.4,4.73,5.7,4.22,5.24,5.52,4.71,4.39,1.25,4.22,7.01
STEEPEST_LAUNCH_ANGLE,18.49,17.49,16.68,17.11,16.1,18.49,18.47,17.75,17.81,17.35,16.54,17.25,17.25,17.42,16,18.35,16.74,16.03,17.38,15.39,16.73,16.84,16.53,16.34,16.73,15.71,15.5,16.78,17.16,16.87,15.91,18.02,16.28,15.32,15.96,14.67,15.51,15.91,16.29,14.92,15.61,16.77,16.52,16.2,16.45,18.62,16.94,14.76,14.9,16.38,14.28,15.77,17.23,15.35,15.95,14.85,15.11,15.77,15.29,14.95,15.88,15.12,14.67,14.14,15.23,16.02,14.89,16.12,15.23,15.84,14.53,14.86,17.04,13.3,13.63,14.11,15.74,15.73,14.79,14.82,16.26,17.98,15.69,14.97,14.3,14.14,14.59,15.18,15.45,14.37,15.32,16.45,15.1,14.92,14.09,15.48,16.04,13.45,14.39,13.72,16.19,14.42,14.9,15.46,14.43,16.81,14.68,14.99,13.7,14.27,14.42,13.53,16.61,15.31,13.52,13.56,15.42,15.82,14.1,13.04,13.44,13.91,16.38,14.29,14.53,13.93,14.02,13.52,15.07,13.76,14.2,14.76,15.31,13.33,14.19,13.03,13.21,14.38,12.69,13.43,15.51,14.77,16.73,13.66,14.47,14.12,13.9,14.49,14.79,14.8,14.51,13.48,14.13,12.86,12.98,12.73,13.65,15.95,14.58,12.91,14.62,12.43,14.11,13.84,16.46,13.38,14.47,12.04,14.03,13.66,13.56,13.39,13.62,12.19,12.06,13.72,12.2,14.38,12.26,12.77,13.58,11.23,11.92,11.25,12.12,12.99,12.38,12.22,12.08,11.46,10.7,11.79,12.97,11.33,14.89
AVG_SPIN_RATE,2683,2561.1,2599.9,2952,3006.1,2903.8,2899.2,3143.2,2545.6,2790.5,2727.1,2515.2,2518.2,2247.7,2514.5,2828.8,2784.8,2699,2645.4,2725.4,2639.8,2664.6,2801.2,2584.6,2521.7,2219.9,2339.9,2509.7,2649.6,2520.8,2390.6,2714.4,2593.9,2864.5,2552.7,2481.9,2697.3,2216.1,2520.8,2563.8,2606.5,2849.8,2748.6,2888.6,2414.2,2500,2570.5,2773.5,2127.3,3346.1,2942.9,2578,2590.2,2547.8,2685.9,2906.2,2928.3,2641.6,2479.8,2724.3,2713.8,2715.5,2756.4,2475.7,2812,2585,2458.3,2560.1,2213,2311.1,2609.4,2865.8,2629.3,2674.9,2762.6,2866.6,2622.5,2850.3,2467.2,2581.3,2343.9,2525.1,2131,2587.9,2559.8,3013.8,2625.8,2360.1,2704.3,2197.1,2421,2396.1,2496.8,2646.5,2650.9,2335.6,2416,2405.5,2598.6,2757.8,2705.7,2654.9,2869.2,2909.3,2517.9,3026.3,2579.8,2891.2,2286.4,2451.1,2721.3,2658,2963.1,2757.6,2812.6,2317.8,2597.1,2624.3,2527.8,2561,3004.9,2447.8,2659.4,2718.6,2484.4,2266.6,2573,2707.7,2758.6,2633.7,3127.4,2527.3,3048.3,2731.1,2646.8,2608.2,2581.9,2961.6,2714.9,2488.3,2218.2,2734.2,2826.4,2427.3,2809.1,2292.3,2864.9,2780.2,2719.1,2240.4,2551.6,2744.4,2864.2,2728.7,2819,2472.9,2360.6,2962.8,2344.5,2458.1,2649.5,2621.2,2500.5,2992.9,2567,2618.3,2384.9,2700.3,2484.2,2817.5,2541.4,2695.3,2506.9,2886.6,3152.8,2448.7,2698.4,2592.5,2691.8,2724.8,2697.7,2828.8,2551.1,2374.3,2630.5,2343,2575.9,2389,2504.3,2740,2616.7,2747.4,2798.2,2548.7,2772.3
HIGHEST_SPIN_RATE,3761,4507,6085,6446,3795,5255,7586,6312,5012,6625,5204,5127,3709,5020,6742,5574,9640,3568,5425,5880,5422,4593,5588,4138,3437,3524,5462,6055,4117,5731,4025,6204,4810,5924,4894,4565,4315,6179,4190,3848,4803,5006,8332,5682,5958,4870,5103,6046,4271,9377,9557,3475,5925,5154,5990,7869,6646,4182,5132,3742,8766,5367,3658,5721,6065,3897,3835,6321,3365,3936,3242,3527,6193,5852,5693,5667,4059,5632,3305,4764,4404,4610,2819,4925,5431,6041,4711,4911,4665,4659,3431,3644,3132,4639,5193,3559,3179,4658,4931,6329,7032,5218,4202,5810,3302,6437,3442,6573,4369,4832,4017,7939,5117,5250,5930,3441,6741,4435,5118,3335,4212,4808,5715,5411,3122,4285,3700,5364,4488,5085,7784,4377,5094,4044,4721,3524,3649,3826,6637,5116,2932,5641,4939,3026,6644,3627,4048,6877,4875,4320,4388,5050,5861,5452,6017,5065,3138,5877,4251,4203,5935,5283,3463,8054,5313,4885,4206,7723,4235,8556,3543,5200,3583,5794,6542,4921,5206,5812,3171,4297,6075,7521,3642,6158,3163,2982,4898,4541,4427,5368,8131,4220,4819,7582,4465
LOWEST_SPIN_RATE,2157,1903,1700,2175,1913,2140,2107,2105,1456,1461,1859,1643,1481,1692,1455,2197,1592,2032,1993,1789,1766,1954,1778,1923,1934,1522,1606,1942,1887,1587,1745,2071,1631,1773,1790,1888,1496,1443,1444,1752,1588,2064,1887,1929,1659,1821,1512,1879,1536,2274,1425,1701,1582,1539,1444,1987,1899,2036,1900,1655,1716,1531,1470,1603,1847,1528,1476,1739,1610,1565,1823,1400,1668,1610,1865,2053,1642,1497,1555,1945,1486,1539,1490,1526,1529,1485,2074,1794,2006,1501,1576,1595,1992,1622,1900,1569,1632,1402,1708,1541,1811,1506,2113,1542,1784,2159,1989,1801,1531,1633,1995,1630,2154,1418,2033,1479,1540,1879,1495,1958,2264,1859,1715,1863,2032,1433,1959,1762,1751,1737,2228,1963,2314,1745,1530,1442,1677,1878,1914,1727,1565,1947,1820,1914,1651,1425,2000,1441,1963,1635,1690,1547,1782,1764,2120,1654,1411,1548,1658,1526,1547,1431,1549,1683,1855,1515,1748,1714,1838,1840,1694,1788,1674,1840,1487,1892,1745,1603,1662,1438,1930,1615,1825,1607,1919,1447,1798,1427,1490,1926,1666,1660,1862,1431,2002
AVG_HANG_TIME,6.2,6.5,6.4,6.5,6.5,6.5,6.7,6.7,6.3,6.4,6.2,6.3,6.5,6.3,6.2,6.4,6.3,6.6,6.6,6.1,6.3,5.9,6.6,6.3,6.4,6.1,6.4,6.3,6.3,6.1,6.5,6.4,6.5,6.6,6.6,6.9,6.6,6.2,6.7,6.3,5.8,6.1,6.2,6.5,6.3,6.1,6.1,6.2,6.5,6.4,6.4,6.4,6.4,5.5,6.7,6.6,6.3,6.4,5.9,6.3,6.6,6.4,6.1,6,6.6,6.9,6.2,6.4,6.1,6.6,6.5,6.5,6.6,6.5,6.5,6.1,6.7,6.6,6.4,6.1,6.7,6.4,6.4,6.3,6.7,6.2,6,6.3,6.7,6,6.3,6.7,6.4,6.4,6,6.3,6.4,6.3,6.9,6.5,6.4,6.7,6.4,6.2,6.4,6.1,6.3,6.4,5.9,5.5,6.5,6.3,6.9,6.5,6.4,6.2,6.5,6.3,6.5,6.3,6.4,6.2,6.3,6.6,6.3,5.9,6.3,6.4,6,6.3,6.5,6.4,6.3,6.5,6.3,6.3,6.4,6.6,6.7,6.1,6.4,6.4,6.4,5.5,6.2,6.5,6.2,5.9,5.9,6.3,6.5,6,6.1,6.1,6.8,6.1,6.2,6.2,6.5,6.3,6.3,6.1,6.2,5.9,6.7,6.6,6.3,6.1,6.2,6.9,6.3,6.3,6.1,6.2,6.3,6.1,6.5,6.8,6.6,6.4,6.8,6.4,6.2,6,6.9,6.2,6.4,5.9,6.4,6.2,6.7,6.3,6.4,6.2,6.2
LONGEST_ACT.HANG_TIME,7.6,7.6,7.6,7.7,7.7,7.6,7.5,7.9,7.3,7.4,8.1,7.8,7.7,7.8,7.2,7.3,7.7,7.6,8.1,7.2,7.5,7.2,7.9,7.7,7.5,7.3,7.5,7.4,7.6,7.3,7.5,8,7.7,8.5,7.7,8.1,8.1,7.1,7.6,7.8,7.5,8,7.8,8.2,7.5,7,7.5,7.5,7.6,7.2,7.6,7.5,8,7.3,7.8,7.9,7.3,7.7,7.3,7.7,8.1,7.4,7.7,7.1,7.8,8.2,7.5,7.9,6.9,7.7,7.4,7.4,7.8,7.6,7.8,6.9,8.2,7.5,7.7,7.5,8,7.6,7.8,7.5,7.7,7.9,6.9,7.7,7.9,7.3,7.5,7.8,7.6,7.9,7.4,8.5,7.7,7.6,8.5,7.9,7.5,8,7.7,7.2,7.2,7.6,7.4,7.7,6.8,7.5,7.7,7.4,7.8,7.5,8.2,7.5,7.8,7.6,8,7.5,7.8,7.4,7.5,7.6,7.5,7.1,7.2,7.8,7.9,7.6,7.7,7.7,7.5,7.9,7.7,7.7,7.6,7.6,7.8,7,7.8,7.4,7.6,6.9,7.7,8,8.4,7.8,7.1,7.9,7.8,6.9,7.4,7.2,8.7,7.3,7.8,7.5,8,7.3,7.6,7.5,7.6,7.7,7.7,7.8,7.8,7.7,8,8.2,7.5,7.6,7.6,7.5,7.5,7.9,7.4,8.5,7.8,7.8,8.7,8.2,7.6,7.7,7.8,7.4,7.3,7.3,7.5,7.4,7.7,7.9,7.4,7.7,7.4
SHORTEST_ACT.HANG_TIME,0.8,4.7,4.6,4,4,4.4,2.7,2.9,2.2,4.4,3.6,1.1,3.1,2.3,4.3,3.6,2.3,3.6,4,3.9,3.5,3.3,2.7,3.8,4.5,2,3.6,3.3,2.7,2.6,2.6,1.4,3.4,1,3.6,3.4,2.8,3.3,4.8,1.5,3.2,4.3,4.1,4.7,4.1,4.1,3.5,2.9,3.3,4.3,4,5,4.2,2.4,4.3,2.7,2.7,0.9,2.5,1.5,3.2,4.4,1.9,1.6,3.7,4.9,3.8,1.2,4.5,3.7,3.7,4.9,3.9,3.3,4,3.8,2.2,3.9,3.9,2.2,3.6,3.3,2.5,4.9,3.8,1,4.4,0.6,2.8,2.4,4.2,5,4,4.5,3.9,3.8,3.6,4,1.7,3.2,5,1,4.6,4.8,3.5,2,4.3,4.5,3.9,0.7,4.7,4.9,3.1,3.6,2,2.6,1.3,4.3,3.1,3.4,3.1,3.5,1.9,4.3,4.3,3.2,3.2,4,1.9,3.2,2.3,3.4,2.6,3.6,2.7,4.2,2.8,4.8,4,4.3,1.9,2.8,5.1,2.6,2.8,3.7,4,1.3,3.6,1.6,3.8,4.2,0.7,4.6,5,1.7,0.9,2,2.8,4.4,4.5,4.1,1.1,1,3.4,3.6,3.7,2,4.4,4.7,2.7,1.7,1.2,2.7,0.5,2,2.4,3,2.8,2.8,3.5,0.9,3.1,1.7,5,4.5,3.9,3.4,4,1.5,4.4,2.2,4.1,2.3,2.1
AVG_CARRY_DISTANCE,278.2,282.5,275.1,277.7,283,286.3,265.8,280.9,272.2,272.6,267.8,275.5,273.7,283,260.7,269.6,270.3,281.8,279.8,263.9,277.2,278.4,290,270.9,285.8,279.5,261.5,271.1,260.1,277,283.3,297,293.3,294.4,282.8,292.2,276.6,276.1,281.3,278.3,267.2,287.4,279.8,282.4,283.2,266.9,270.7,271.9,285.3,273.4,281.5,262.1,277.1,260.6,276.6,268.4,268.8,283.7,266.1,279.5,299.7,276.8,276.6,268.5,286.2,294.9,271,295.2,259.6,292.9,288,281.6,287.6,283.2,281.7,264.6,292.2,276.6,275.6,282.8,281.7,281.6,294.8,276.2,293.7,289.2,249.8,281.5,278.1,266.1,264.9,298.3,276.2,276.2,263,279.6,291.2,286.2,283.2,295.7,267.3,291.9,269.1,267.9,279.9,289.5,275,273.2,255.6,279.2,282.3,278.9,301.1,279.4,283.3,279.7,283.3,272.6,286.7,281.3,284.7,267.6,271.5,277.3,276.4,270.9,273.8,289.3,279.3,278.2,277.6,285.2,279.9,290.3,280.7,281.7,271.5,291,293.8,271.3,281.6,273.6,290.3,268.5,267.3,291.3,270.3,260.5,259,302.5,274.5,268.5,266.1,257.5,269,263.5,284.9,274.9,285,276.8,271.8,274.8,283.7,285.1,285.4,282,280.6,269.5,286.8,280.2,266,275.5,280.9,283.5,270.8,290.3,273,302.6,286,296.9,300.4,274.5,270.4,273.4,284.2,264.4,272.4,265.4,270.5,269.1,289.7,280.2,259.8,269.5,273.9
LONGEST_CARRY_DISTANCE,312.6,314.6,305.8,307.7,305,313.6,288.8,308.1,296,296,292.9,296.4,303.3,306.7,289.3,288.1,294.4,304.1,321.5,283.7,302.9,298.9,311.5,292.1,317.3,309.6,289.6,294,289.2,301.8,305.8,318.3,326.7,323.2,304.5,319.6,302.1,308,306.8,301.3,289,311.9,303.5,313.6,309.1,289.1,296.8,298,317.7,292.8,316.4,285.3,303.5,284.4,300.5,290.8,292.3,309.9,290,304.9,333.6,297.8,301.5,298.7,303.9,333.8,300.9,322.7,279.1,315.4,322.2,300.3,311.3,313.7,299.7,285.4,320.1,303.6,310.9,310.1,312.1,314.2,327.9,316.4,322.5,320.5,271.6,312.2,300.8,289.4,285.5,332.4,302.2,302.8,284.7,312.2,316.4,317.6,307.4,322.3,293,324,301.9,298.6,313.5,316.7,300.1,312.4,285.2,316.9,320.7,303.3,323.8,297.6,312.9,309.1,317.4,292.2,316.9,304.7,308.8,291.2,296.5,294.5,299.1,296.1,307.1,315.8,323.4,305.5,310.6,309.9,304.7,322.7,313.2,314.2,295.2,330.1,316.3,297.6,302.5,299.5,314.8,293.5,294.4,321,293.4,292.8,293.7,337.7,308.5,295.2,285.7,281.1,292.5,287.2,308.1,298.6,309.5,304.3,298.4,311.2,311.8,317.5,313,311.4,306.4,299.3,312.7,308.6,284.6,306.3,309.9,314.3,294.4,319.1,301.9,330.4,302.1,334.4,329.6,304.2,299.8,297.6,299.7,287.4,297.7,287.2,293.8,287.4,319.5,307.2,282,290.5,295.2
SHORTEST_CARRY_DISTANCE,237.1,255.7,223.5,246.9,236.8,264.6,238,260.2,244.2,248,244.9,231.5,220.4,234.6,239,242,235.6,250.3,243,230,254.9,256,264.2,245.6,251.9,239.5,236,246.1,231.9,238.5,246.3,269.1,251.3,259.5,250.1,261.3,241.3,253.2,247.5,252.2,237.6,267.7,248,252.8,244.2,240.1,246.1,232.3,251.4,247.3,250.2,237.8,233.9,200.5,237.2,237.3,226.2,252.6,240.7,248,275.7,233.5,244.2,239,264.8,262,212.5,253.4,237.4,268.3,254.7,261,264.2,250.7,249.8,239.8,257.7,252.5,245.4,245.8,249.6,248.1,259,234.2,248,255,226,249.8,245.9,239.8,230.1,263,237.6,241.1,235.7,245.7,266.1,230.2,254.1,262.9,242.5,259.1,230.9,234.3,248.8,260,254.1,222.2,222.8,223,259,236.6,248.2,246.9,249.1,246.4,247.4,249,234.5,254,251.6,235.8,250.2,254.2,248,242.3,252.1,253.8,223.5,244.8,241.5,263.2,252.7,246.2,256.7,256.8,235.8,259.9,265.6,245,237,245.2,266.5,241.8,235.6,228.9,239.8,229,192.8,260.7,247.5,244,221.9,230.7,237.5,223.1,264.5,243.8,249.1,247.1,243.3,242.3,239,255,251.3,210.8,247.9,212.8,256.1,243.3,242.4,251.1,243.7,257.5,226.7,264.3,241.8,252.1,264.5,264.4,266.7,242.7,230.2,234.5,262.1,233.5,235,234.5,239.5,220.6,246.2,253,236.3,224.7,252.9
AVG_SCORE,70.85,70.276,70.659,70.75,71.37,70.42,70.675,69.973,71.059,70.579,73.624,70.66,70.469,70.574,71.097,70.974,71.281,71.028,70.258,71.715,70.835,70.412,70.721,70.379,71.021,71.191,70.28,70.536,71.038,71.018,70.701,69.31,69.624,70.25,71.356,70.19,70.457,70.909,70.525,72.146,71.683,71.349,70.219,70.521,70.311,70.432,70.411,71.628,72.112,71.465,70.743,73.019,70.32,73.177,71.196,71.325,71.043,70.861,71.827,71.179,68.702,70.152,72.038,71.02,69.746,70.197,71.001,72.091,72.531,70.971,71.162,69.617,70.089,71.619,71.135,70.593,70.789,71.372,70.525,70.915,70.896,70.734,69.586,71.323,70.444,71.275,70.342,70.786,70.578,70.718,70.758,69.995,72.134,71.398,71.945,69.904,69,69.117,70.254,70.92,71.333,70.839,70.729,70.247,70.436,70.8,70.629,70.441,72.673,71.145,70.157,71.066,70.229,71.282,70.243,71.458,70.839,71.929,72.251,72.044,71.112,70.461,71.662,70.924,70.999,71.344,71.269,70.862,70.641,70.89,70.594,69.861,69.982,70.731,70.851,69.878,70.841,70.578,69.927,69.887,71.409,71.185,69.452,71.663,71.532,71.457,71.905,71.731,72.445,69.314,70.693,70.489,70.568,70.758,70.993,70.015,71.031,70.914,70.794,72.182,71.329,70.736,70.719,70.869,71.479,70.754,71.192,71.367,74.891,71.356,71.631,70.44,71.954,71.149,71.024,69.457,70.945,71.252,69.339,69.515,70.815,70.888,71.04,71.243,70.091,70.692,69.311,71.552,71.477,70.791,70.547,71.486,71.215,69.911,72.773
TOTAL_STROKES,5518,5888,6745,6280,5683,5504,4852,4222,5657,6239,3284,5794,7503,7302,4164,4533,5956,5244,5449,4565,4699,4515,6688,5753,4754,4301,7062,6341,6855,6716,4845,4018,6194,5246,3775,5902,6866,3503,5213,4525,5632,4160,7011,5651,6941,6036,7411,5195,4667,3952,6543,4414,5353,3261,6077,4238,5511,4432,5722,4603,4799,6438,4857,5929,4613,6113,4196,5176,3767,6303,5522,3901,4753,4760,4439,4519,5306,5321,5537,4999,5779,6201,4461,4564,6927,6339,3388,5456,5953,6329,4826,4321,4383,4382,4652,5284,4282,5388,6241,6819,6547,5243,5491,5728,6449,7323,3277,5906,3311,5228,3806,4345,6679,5387,6031,6112,4576,5509,3716,5379,4381,5626,5005,4085,3318,4876,6373,6346,6143,5329,5295,5313,5749,6572,5982,4697,5848,5495,5802,4898,3721,6512,4861,4179,4830,5391,5301,4847,4184,3966,6250,5224,6338,7515,5502,5457,4444,5612,5208,3467,6954,5634,6348,5490,4490,3973,5229,7394,3515,5316,4111,6113,6101,5112,6171,4461,6568,5739,4312,6537,4872,5993,6582,6595,3802,5554,6097,4770,6318,5494,6274,5330,4089,6063,3546
TOTAL_ROUNDS,78,84,96,89,80,78,69,60,80,89,45,82,107,104,59,64,84,74,78,64,67,64,95,82,67,61,101,90,97,95,69,58,89,75,53,84,98,50,74,63,79,58,100,80,99,86,106,73,65,56,93,61,76,45,86,60,78,63,80,65,70,92,68,84,66,87,59,72,52,89,78,56,68,67,63,64,75,75,79,71,82,88,64,64,99,89,48,77,85,90,69,62,61,62,65,76,62,78,89,97,92,74,78,82,92,104,46,84,46,74,54,61,95,76,86,86,65,77,52,75,62,80,70,58,47,69,90,90,87,75,75,76,82,93,85,67,83,78,83,70,52,92,70,59,68,76,74,68,58,57,89,74,90,107,78,78,63,80,74,48,98,80,90,78,63,56,74,104,47,75,58,87,85,72,87,64,93,81,62,94,69,85,93,93,54,79,88,67,89,78,89,75,58,87,49
MAKES_BOGEY%,16.24,16.53,14.76,15.61,16.88,16.67,15.06,15.09,16.53,14.17,24.32,16.94,15.26,14.69,15.07,16.75,16.87,15.84,14.03,19.18,15.67,16.41,17.6,15.51,17.74,15.76,14.96,16.85,15.18,16.2,16.18,13.89,14.73,15.33,17.09,14.95,14.74,14.89,15.62,18.52,17.65,18.87,14,16.81,15.99,14.34,13.78,17.2,19.57,15.97,16.07,21.22,16.01,20.86,16.02,16.57,17.17,14.73,19.58,18.03,12.54,14.43,18.63,15.34,14.9,16.6,16.76,20.37,21.37,16.48,17.45,12.2,14.46,17.83,14.73,16.23,17.11,16,15.96,15.49,15.51,15.97,14.58,17.71,15.49,17.42,16.09,17.24,14.18,16.36,12.8,15.77,18.94,15.77,18.55,13.89,12.81,13.96,15.54,16.44,17.21,17.87,15.24,14.57,12.92,16.29,19.69,15.61,20.65,17.42,15.74,16.39,15.96,17.69,15.89,17.96,16.58,19.12,18.7,20,16.22,14.17,19.29,15.33,14.78,16.99,15.31,15.74,17.94,16.48,16.52,15.06,15.11,16.79,15.82,15.09,15.86,16.6,16.06,15.48,18.91,16.61,12.46,17.7,17.08,18.06,18.84,17.65,18.87,14.42,15.42,16.44,15.25,15.42,17.95,13.39,17.99,14.65,17.49,23.84,17.23,16.46,15.56,15.03,17.2,16.96,16.14,17.63,28.25,16.52,15.23,16.28,19.28,17.05,18.45,14.32,17.2,18.38,15.77,14.42,17.79,16.99,17.68,16.61,14.81,16.39,12.44,17.25,17.23,14.17,16.85,17.41,14.56,14.05,21.54
BOGEYS_MADE,228,250,255,250,243,234,187,163,238,227,197,250,294,275,160,193,255,211,197,221,189,189,301,229,214,173,272,273,265,277,201,145,236,207,163,226,260,134,208,210,251,197,252,242,285,222,263,226,229,161,269,233,219,169,248,179,241,167,282,211,158,239,228,232,177,260,178,264,200,264,245,123,177,215,167,187,231,216,227,198,229,253,168,204,276,279,139,239,217,265,159,176,208,176,217,190,143,196,249,287,285,238,214,215,214,305,163,236,171,232,153,180,273,242,246,278,194,265,175,270,181,204,243,160,125,211,248,255,281,222,223,206,223,281,242,182,237,233,240,195,177,275,157,188,209,247,251,216,197,148,247,219,247,297,252,188,204,211,233,206,304,237,252,211,195,171,215,330,239,223,159,255,295,221,289,165,288,268,176,244,221,260,296,278,144,233,197,208,276,199,270,235,152,220,190
HOLES_PLAYED,1404,1512,1728,1602,1440,1404,1242,1080,1440,1602,810,1476,1926,1872,1062,1152,1512,1332,1404,1152,1206,1152,1710,1476,1206,1098,1818,1620,1746,1710,1242,1044,1602,1350,954,1512,1764,900,1332,1134,1422,1044,1800,1440,1782,1548,1908,1314,1170,1008,1674,1098,1368,810,1548,1080,1404,1134,1440,1170,1260,1656,1224,1512,1188,1566,1062,1296,936,1602,1404,1008,1224,1206,1134,1152,1350,1350,1422,1278,1476,1584,1152,1152,1782,1602,864,1386,1530,1620,1242,1116,1098,1116,1170,1368,1116,1404,1602,1746,1656,1332,1404,1476,1656,1872,828,1512,828,1332,972,1098,1710,1368,1548,1548,1170,1386,936,1350,1116,1440,1260,1044,846,1242,1620,1620,1566,1359,1350,1368,1476,1674,1530,1206,1494,1404,1494,1260,936,1656,1260,1062,1224,1368,1332,1224,1044,1026,1602,1332,1620,1926,1404,1404,1134,1440,1332,864,1764,1440,1620,1404,1134,1008,1332,1872,846,1350,1044,1566,1530,1296,1566,1152,1674,1458,1116,1692,1242,1530,1674,1674,972,1422,1584,1206,1602,1404,1602,1350,1044,1566,882
AGE,37,22,27,30,26,38,47,36,31,29,27,31,27,23,42,31,30,36,31,36,28,30,32,37,35,35,46,31,35,35,31,28,24,39,25,28,26,44,25,33,38,34,39,41,31,36,34,32,27,30,26,41,25,34,28,39,31,25,27,26,34,25,28,39,35,34,39,24,44,28,29,42,28,27,36,38,34,39,29,31,32,29,30,41,33,35,48,39,32,35,34,23,30,38,34,25,38,25,32,34,26,31,34,35,38,33,34,30,31,30,35,38,29,28,34,36,35,34,32,33,36,40,25,28,35,33,30,37,25,47,39,25,28,26,27,35,30,34,48,36,49,35,29,39,31,33,34,32,48,29,36,29,31,36,33,37,39,29,33,34,36,36,38,31,33,34,35,28,25,32,34,45,31,26,31,42,45,41,27,28,27,31,30,33,32,36,33,32,26,34,24,31,29,42,21
MONEY,725928,3151607,1655230,1823408,474923,2216176,1198541,2624450,2595829,2243382,41566,1441205,2389070,2397732,620646,532936,793140,638414,2821200,145725,398137,1529289,1148115,2430430,2272048,305607,2126761,2715103,1089763,1419874,1179616,6834667,7809009,5503948,900591,2539414,1841287,387612,3430997,179459,801960,1710179,2105025,1400637,2749423,2659518,1789911,565466,302593,187399,728296,377265,1721763,234510,1269386,622383,616758,498341,708712,391634,7761652,2473723,364493,437032,4650042,2694457,581024,1056628,288023,1223064,799450,2620637,2153477,569391,457337,2692985,1595942,482052,1953166,940661,1386301,1377286,4832761,1497655,1685351,1137444,660010,2027312,1476838,974538,656322,3692528,368518,267055,453328,2773016,6786678,8225921,2299164,1615520,1496253,1608338,2952305,3234516,1523642,1379544,1653467,3699461,24878,358380,1711513,789382,2684996,518476,3573221,449266,1017580,847304,89104,299162,538681,1720097,1379736,563972,296650,593842,899373,1402833,1303610,93260,2942121,3779642,4749587,1287040,3357911,3416321,420001,1757215,4431207,2415669,545364,1081283,3703337,340591,279019,702030,411606,235635,183806,3770396,1126057,1516438,1424030,2463738,980877,1986608,1465635,1046166,981936,1471462,1076678,1856597,1147573,791018,1104865,696897,523204,2241914,201136,422260,309656,1887208,1243309,654200,1929848,3511091,1358542,700783,3457697,5177338,1184245,1326989,944021,763584,1883510,965691,4691667,498166,1920340,933327,3245638,420377,330507,1905660,90993
COUNTRY,Australia,United States,Mexico,Canada,United States,Australia,Germany,Sweden,United States,United States,United States,India,United States,United States,United States,United States,Canada,United States,United States,United States,United States,South Africa,United States,United States,United States,United States,United States,United States,United States,United States,United States,United States,United States,United States,United States,South Korea,Chinese Taipei,Australia,Australia,United States,United States,South Africa,United States,United States,United States,United States,United States,United States,United States,United States,Canada,United States,United States,United States,New Zealand,Canada,Sweden,United States,United States,United States,United States,Argentina,United States,Argentina,Italy,United States,Northern Ireland,United States,Australia,United States,United States,Sweden,Japan,United States,United States,England,United States,United States,United States,United States,United States,United States,Australia,United States,United States,Venezuela,United States,United States,United States,United States,United States,Spain,United States,United States,United States,United States,England,United States,United States,United States,United States,United States,United States,United States,United States,United States,Thailand,United States,United States,United States,United States,United States,United States,Canada,Australia,United States,Scotland,United States,United States,United States,Australia,United States,United States,United States,United States,United States,Canada,United States,United States,Ireland,United States,United States,United States,United States,United States,England,United States,England,United States,Spain,South Africa,United States,United States,United States,United States,United States,United States,Spain,Australia,Northern Ireland,South Africa,United States,Scotland,United States,United States,United States,United States,United States,United States,Japan,United States,United States,United States,Ireland,United States,Ireland,United States,South Korea,United States,Germany,United States,United States,South Korea,United States,United States,United States,United States,United States,England,United States,United States,United States,United States,South Africa,England,United States,United States,United States,South Korea,United States,United States,China,United States,United States,China